[0m01:17:51.983085 [debug] [MainThread]: Sending event: {'category': 'dbt', 'action': 'invocation', 'label': 'start', 'context': [<snowplow_tracker.self_describing_json.SelfDescribingJson object at 0x000001F188EB5550>, <snowplow_tracker.self_describing_json.SelfDescribingJson object at 0x000001F18B5F3ED0>, <snowplow_tracker.self_describing_json.SelfDescribingJson object at 0x000001F18B5F3B10>]}


============================== 01:17:51.986291 | 0e3c9e38-d3cd-4e22-80c5-dffe8b698124 ==============================
[0m01:17:51.986291 [info ] [MainThread]: Running with dbt=1.12.0
[0m01:17:51.986784 [debug] [MainThread]: running dbt with arguments {'version_check': 'True', 'no_print': 'None', 'static_parser': 'True', 'target_path': 'None', 'maximum_seed_size_mib': '1', 'warn_error_options': 'WarnErrorOptionsV2(error=[], warn=[], silence=[])', 'printer_width': '80', 'write_json': 'True', 'empty': 'None', 'log_cache_events': 'False', 'introspect': 'True', 'cache_selected_only': 'False', 'log_format': 'default', 'debug': 'False', 'fail_fast': 'False', 'partial_parse': 'True', 'send_anonymous_usage_stats': 'True', 'quiet': 'False', 'warn_error': 'None', 'profiles_dir': 'C:\\Users\\nathj\\.dbt', 'indirect_selection': 'eager', 'hints_enabled': 'True', 'use_colors': 'True', 'use_experimental_parser': 'False', 'invocation_command': 'dbt debug', 'log_path': 'D:\\Software\\databuildtool\\Joy_dbt_project\\logs'}
[0m01:17:52.001923 [info ] [MainThread]: dbt version: 1.12.0
[0m01:17:52.002379 [info ] [MainThread]: python version: 3.13.14
[0m01:17:52.002653 [info ] [MainThread]: python path: D:\Software\databuildtool\.venv\Scripts\python.exe
[0m01:17:52.002937 [info ] [MainThread]: os info: Windows-11-10.0.26200-SP0
[0m01:17:52.643709 [debug] [MainThread]: Spark adapter: Setting pyhive.hive logging to ERROR
[0m01:17:52.644039 [debug] [MainThread]: Spark adapter: Setting thrift.transport logging to ERROR
[0m01:17:52.644249 [debug] [MainThread]: Spark adapter: Setting thrift.protocol logging to ERROR
[0m01:17:53.121339 [info ] [MainThread]: Using profiles dir at C:\Users\nathj\.dbt
[0m01:17:53.121839 [info ] [MainThread]: Using profiles.yml file at C:\Users\nathj\.dbt\profiles.yml
[0m01:17:53.122102 [info ] [MainThread]: Using dbt_project.yml file at D:\Software\databuildtool\Joy_dbt_project\dbt_project.yml
[0m01:17:53.122371 [info ] [MainThread]: adapter type: databricks
[0m01:17:53.122654 [info ] [MainThread]: adapter version: 1.10.9
[0m01:17:53.198225 [info ] [MainThread]: Configuration:
[0m01:17:53.198802 [info ] [MainThread]:   profiles.yml file [[32mOK found and valid[0m]
[0m01:17:53.199170 [info ] [MainThread]:   dbt_project.yml file [[32mOK found and valid[0m]
[0m01:17:53.199415 [info ] [MainThread]: Required dependencies:
[0m01:17:53.199647 [debug] [MainThread]: Executing "git --help"
[0m01:17:53.230093 [debug] [MainThread]: STDOUT: "b"usage: git [-v | --version] [-h | --help] [-C <path>] [-c <name>=<value>]\n           [--exec-path[=<path>]] [--html-path] [--man-path] [--info-path]\n           [-p | --paginate | -P | --no-pager] [--no-replace-objects] [--no-lazy-fetch]\n           [--no-optional-locks] [--no-advice] [--bare] [--git-dir=<path>]\n           [--work-tree=<path>] [--namespace=<name>] [--config-env=<name>=<envvar>]\n           <command> [<args>]\n\nThese are common Git commands used in various situations:\n\nstart a working area (see also: git help tutorial)\n   clone      Clone a repository into a new directory\n   init       Create an empty Git repository or reinitialize an existing one\n\nwork on the current change (see also: git help everyday)\n   add        Add file contents to the index\n   mv         Move or rename a file, a directory, or a symlink\n   restore    Restore working tree files\n   rm         Remove files from the working tree and from the index\n\nexamine the history and state (see also: git help revisions)\n   bisect     Use binary search to find the commit that introduced a bug\n   diff       Show changes between commits, commit and working tree, etc\n   grep       Print lines matching a pattern\n   log        Show commit logs\n   show       Show various types of objects\n   status     Show the working tree status\n\ngrow, mark and tweak your common history\n   backfill   Download missing objects in a partial clone\n   branch     List, create, or delete branches\n   commit     Record changes to the repository\n   merge      Join two or more development histories together\n   rebase     Reapply commits on top of another base tip\n   reset      Reset current HEAD to the specified state\n   switch     Switch branches\n   tag        Create, list, delete or verify tags\n\ncollaborate (see also: git help workflows)\n   fetch      Download objects and refs from another repository\n   pull       Fetch from and integrate with another repository or a local branch\n   push       Update remote refs along with associated objects\n\n'git help -a' and 'git help -g' list available subcommands and some\nconcept guides. See 'git help <command>' or 'git help <concept>'\nto read about a specific subcommand or concept.\nSee 'git help git' for an overview of the system.\n""
[0m01:17:53.230466 [debug] [MainThread]: STDERR: "b''"
[0m01:17:53.230751 [info ] [MainThread]:  - git [[32mOK found[0m]

[0m01:17:53.231063 [info ] [MainThread]: Connection:
[0m01:17:53.231345 [info ] [MainThread]:   host: dbc-212968b5-8dc8.cloud.databricks.com
[0m01:17:53.231589 [info ] [MainThread]:   http_path: /sql/1.0/warehouses/d1f22b7cb91c9156
[0m01:17:53.231840 [info ] [MainThread]:   catalog: dbt_dev
[0m01:17:53.232076 [info ] [MainThread]:   schema: default
[0m01:17:53.232455 [info ] [MainThread]: Registered adapter: databricks=1.10.9
[0m01:17:53.421325 [debug] [MainThread]: Databricks adapter: DatabricksDBTConnection(session-id=None, name=debug) - Creating connection
[0m01:17:53.421791 [debug] [MainThread]: Acquiring new databricks connection 'debug'
[0m01:17:53.421998 [debug] [MainThread]: Using databricks connection "debug"
[0m01:17:53.422172 [debug] [MainThread]: On debug: select 1 as id
[0m01:17:53.422338 [debug] [MainThread]: Opening a new connection, currently in state init
[0m01:17:56.069401 [debug] [MainThread]: Databricks adapter: Connection(session-id=01f1814f-3b97-1825-a7ba-1a49a2ec52c7) - Created
[0m01:17:56.692092 [debug] [MainThread]: SQL status: OK in 3.270 seconds
[0m01:17:56.692761 [debug] [MainThread]: Databricks adapter: Cursor(session-id=01f1814f-3b97-1825-a7ba-1a49a2ec52c7, command-id=01f1814f-3c8e-1970-8ff7-eea2f16967f9) - Closing
[0m01:17:56.693042 [debug] [MainThread]: On debug: Close
[0m01:17:56.693239 [debug] [MainThread]: Databricks adapter: Connection(session-id=01f1814f-3b97-1825-a7ba-1a49a2ec52c7) - Closing
[0m01:17:57.032261 [info ] [MainThread]:   Connection test: [[32mOK connection ok[0m]

[0m01:17:57.032716 [info ] [MainThread]: [32mAll checks passed![0m
[0m01:17:57.033558 [debug] [MainThread]: Command `dbt debug` succeeded at 01:17:57.033445 after 5.24 seconds
[0m01:17:57.033962 [debug] [MainThread]: Sending event: {'category': 'dbt', 'action': 'invocation', 'label': 'end', 'context': [<snowplow_tracker.self_describing_json.SelfDescribingJson object at 0x000001F1AED355B0>, <snowplow_tracker.self_describing_json.SelfDescribingJson object at 0x000001F1AED8D7F0>, <snowplow_tracker.self_describing_json.SelfDescribingJson object at 0x000001F1AEC57680>]}
[0m01:17:57.034350 [debug] [MainThread]: Flushing usage events
[0m01:17:58.453138 [debug] [MainThread]: An error was encountered while trying to flush usage events
[0m01:24:13.973042 [debug] [MainThread]: Sending event: {'category': 'dbt', 'action': 'invocation', 'label': 'start', 'context': [<snowplow_tracker.self_describing_json.SelfDescribingJson object at 0x0000024F50339400>, <snowplow_tracker.self_describing_json.SelfDescribingJson object at 0x0000024F52A63ED0>, <snowplow_tracker.self_describing_json.SelfDescribingJson object at 0x0000024F52A63C50>]}


============================== 01:24:13.976032 | 148f27d7-21d3-4122-8371-28b3ddf3d29e ==============================
[0m01:24:13.976032 [info ] [MainThread]: Running with dbt=1.12.0
[0m01:24:13.976472 [debug] [MainThread]: running dbt with arguments {'version_check': 'True', 'no_print': 'None', 'static_parser': 'True', 'warn_error_options': 'WarnErrorOptionsV2(error=[], warn=[], silence=[])', 'maximum_seed_size_mib': '1', 'target_path': 'None', 'printer_width': '80', 'write_json': 'True', 'introspect': 'True', 'log_cache_events': 'False', 'empty': 'None', 'cache_selected_only': 'False', 'log_format': 'default', 'debug': 'False', 'fail_fast': 'False', 'partial_parse': 'True', 'send_anonymous_usage_stats': 'True', 'quiet': 'False', 'warn_error': 'None', 'profiles_dir': 'C:\\Users\\nathj\\.dbt', 'use_colors': 'True', 'hints_enabled': 'True', 'indirect_selection': 'eager', 'use_experimental_parser': 'False', 'invocation_command': 'dbt ', 'log_path': 'd:\\Software\\databuildtool\\Joy_dbt_project\\logs'}
[0m01:24:14.088228 [debug] [MainThread]: Sending event: {'category': 'dbt', 'action': 'project_id', 'label': '148f27d7-21d3-4122-8371-28b3ddf3d29e', 'context': [<snowplow_tracker.self_describing_json.SelfDescribingJson object at 0x0000024F50A25F30>]}
[0m01:24:14.218409 [info ] [MainThread]: Warning: No packages were found in packages.yml
[0m01:24:14.219066 [info ] [MainThread]: Warning: No packages were found in packages.yml
[0m01:24:14.219707 [debug] [MainThread]: Command `cli deps` succeeded at 01:24:14.219624 after 0.36 seconds
[0m01:24:14.219938 [debug] [MainThread]: Sending event: {'category': 'dbt', 'action': 'invocation', 'label': 'end', 'context': [<snowplow_tracker.self_describing_json.SelfDescribingJson object at 0x0000024F4FC197B0>, <snowplow_tracker.self_describing_json.SelfDescribingJson object at 0x0000024F52D087C0>, <snowplow_tracker.self_describing_json.SelfDescribingJson object at 0x0000024F528B7050>]}
[0m01:24:14.220174 [debug] [MainThread]: Flushing usage events
[0m01:24:15.733630 [debug] [MainThread]: An error was encountered while trying to flush usage events
[0m01:25:51.879448 [debug] [MainThread]: Sending event: {'category': 'dbt', 'action': 'invocation', 'label': 'start', 'context': [<snowplow_tracker.self_describing_json.SelfDescribingJson object at 0x00000204CB8C9400>, <snowplow_tracker.self_describing_json.SelfDescribingJson object at 0x00000204CE003ED0>, <snowplow_tracker.self_describing_json.SelfDescribingJson object at 0x00000204CE003C50>]}


============================== 01:25:51.882508 | 4378728c-0b15-4c19-8cfd-37ce1508041b ==============================
[0m01:25:51.882508 [info ] [MainThread]: Running with dbt=1.12.0
[0m01:25:51.882896 [debug] [MainThread]: running dbt with arguments {'static_parser': 'True', 'no_print': 'None', 'version_check': 'True', 'target_path': 'None', 'maximum_seed_size_mib': '1', 'warn_error_options': 'WarnErrorOptionsV2(error=[], warn=[], silence=[])', 'printer_width': '80', 'write_json': 'True', 'introspect': 'True', 'log_cache_events': 'False', 'empty': 'None', 'cache_selected_only': 'False', 'log_format': 'default', 'debug': 'False', 'fail_fast': 'False', 'profiles_dir': 'C:\\Users\\nathj\\.dbt', 'send_anonymous_usage_stats': 'True', 'quiet': 'False', 'warn_error': 'None', 'partial_parse': 'True', 'indirect_selection': 'eager', 'hints_enabled': 'True', 'use_colors': 'True', 'use_experimental_parser': 'False', 'invocation_command': 'dbt ', 'log_path': 'd:\\Software\\databuildtool\\Joy_dbt_project\\logs'}
[0m01:25:51.971649 [debug] [MainThread]: Sending event: {'category': 'dbt', 'action': 'project_id', 'label': '4378728c-0b15-4c19-8cfd-37ce1508041b', 'context': [<snowplow_tracker.self_describing_json.SelfDescribingJson object at 0x00000204CBFC5F30>]}
[0m01:25:51.987692 [info ] [MainThread]: Warning: No packages were found in packages.yml
[0m01:25:51.988609 [info ] [MainThread]: Warning: No packages were found in packages.yml
[0m01:25:51.989561 [debug] [MainThread]: Command `cli deps` succeeded at 01:25:51.989463 after 0.30 seconds
[0m01:25:51.989842 [debug] [MainThread]: Sending event: {'category': 'dbt', 'action': 'invocation', 'label': 'end', 'context': [<snowplow_tracker.self_describing_json.SelfDescribingJson object at 0x00000204CA1D97B0>, <snowplow_tracker.self_describing_json.SelfDescribingJson object at 0x00000204CE2B4160>, <snowplow_tracker.self_describing_json.SelfDescribingJson object at 0x00000204CDE52C50>]}
[0m01:25:51.990141 [debug] [MainThread]: Flushing usage events
[0m01:25:53.495505 [debug] [MainThread]: An error was encountered while trying to flush usage events
[0m01:25:55.101175 [debug] [MainThread]: Sending event: {'category': 'dbt', 'action': 'invocation', 'label': 'start', 'context': [<snowplow_tracker.self_describing_json.SelfDescribingJson object at 0x000001FE20649400>, <snowplow_tracker.self_describing_json.SelfDescribingJson object at 0x000001FE22D73ED0>, <snowplow_tracker.self_describing_json.SelfDescribingJson object at 0x000001FE22D73C50>]}


============================== 01:25:55.104306 | cd8beafc-dbd9-442e-ad7d-45fd1f444139 ==============================
[0m01:25:55.104306 [info ] [MainThread]: Running with dbt=1.12.0
[0m01:25:55.104724 [debug] [MainThread]: running dbt with arguments {'maximum_seed_size_mib': '1', 'no_print': 'None', 'static_parser': 'True', 'target_path': 'None', 'warn_error_options': 'WarnErrorOptionsV2(error=[], warn=[], silence=[])', 'version_check': 'True', 'printer_width': '80', 'write_json': 'True', 'introspect': 'True', 'log_cache_events': 'False', 'empty': 'None', 'cache_selected_only': 'False', 'fail_fast': 'False', 'debug': 'False', 'log_format': 'default', 'partial_parse': 'True', 'send_anonymous_usage_stats': 'True', 'quiet': 'False', 'warn_error': 'None', 'profiles_dir': 'C:\\Users\\nathj\\.dbt', 'indirect_selection': 'eager', 'hints_enabled': 'True', 'use_colors': 'True', 'use_experimental_parser': 'False', 'invocation_command': 'dbt ', 'log_path': 'd:\\Software\\databuildtool\\Joy_dbt_project\\logs'}
[0m01:25:55.116251 [info ] [MainThread]: dbt version: 1.12.0
[0m01:25:55.116566 [info ] [MainThread]: python version: 3.13.14
[0m01:25:55.116768 [info ] [MainThread]: python path: d:\Software\databuildtool\.venv\Scripts\python.exe
[0m01:25:55.117138 [info ] [MainThread]: os info: Windows-11-10.0.26200-SP0
[0m01:25:55.750080 [debug] [MainThread]: Spark adapter: Setting pyhive.hive logging to ERROR
[0m01:25:55.750393 [debug] [MainThread]: Spark adapter: Setting thrift.transport logging to ERROR
[0m01:25:55.750594 [debug] [MainThread]: Spark adapter: Setting thrift.protocol logging to ERROR
[0m01:25:56.159207 [info ] [MainThread]: Using profiles dir at C:\Users\nathj\.dbt
[0m01:25:56.159621 [info ] [MainThread]: Using profiles.yml file at C:\Users\nathj\.dbt\profiles.yml
[0m01:25:56.159912 [info ] [MainThread]: Using dbt_project.yml file at d:\Software\databuildtool\Joy_dbt_project\dbt_project.yml
[0m01:25:56.160265 [info ] [MainThread]: adapter type: databricks
[0m01:25:56.160514 [info ] [MainThread]: adapter version: 1.10.9
[0m01:25:56.234376 [info ] [MainThread]: Configuration:
[0m01:25:56.234715 [info ] [MainThread]:   profiles.yml file [[32mOK found and valid[0m]
[0m01:25:56.234920 [info ] [MainThread]:   dbt_project.yml file [[32mOK found and valid[0m]
[0m01:25:56.235101 [info ] [MainThread]: Required dependencies:
[0m01:25:56.235286 [debug] [MainThread]: Executing "git --help"
[0m01:25:56.273014 [debug] [MainThread]: STDOUT: "b"usage: git [-v | --version] [-h | --help] [-C <path>] [-c <name>=<value>]\n           [--exec-path[=<path>]] [--html-path] [--man-path] [--info-path]\n           [-p | --paginate | -P | --no-pager] [--no-replace-objects] [--no-lazy-fetch]\n           [--no-optional-locks] [--no-advice] [--bare] [--git-dir=<path>]\n           [--work-tree=<path>] [--namespace=<name>] [--config-env=<name>=<envvar>]\n           <command> [<args>]\n\nThese are common Git commands used in various situations:\n\nstart a working area (see also: git help tutorial)\n   clone      Clone a repository into a new directory\n   init       Create an empty Git repository or reinitialize an existing one\n\nwork on the current change (see also: git help everyday)\n   add        Add file contents to the index\n   mv         Move or rename a file, a directory, or a symlink\n   restore    Restore working tree files\n   rm         Remove files from the working tree and from the index\n\nexamine the history and state (see also: git help revisions)\n   bisect     Use binary search to find the commit that introduced a bug\n   diff       Show changes between commits, commit and working tree, etc\n   grep       Print lines matching a pattern\n   log        Show commit logs\n   show       Show various types of objects\n   status     Show the working tree status\n\ngrow, mark and tweak your common history\n   backfill   Download missing objects in a partial clone\n   branch     List, create, or delete branches\n   commit     Record changes to the repository\n   merge      Join two or more development histories together\n   rebase     Reapply commits on top of another base tip\n   reset      Reset current HEAD to the specified state\n   switch     Switch branches\n   tag        Create, list, delete or verify tags\n\ncollaborate (see also: git help workflows)\n   fetch      Download objects and refs from another repository\n   pull       Fetch from and integrate with another repository or a local branch\n   push       Update remote refs along with associated objects\n\n'git help -a' and 'git help -g' list available subcommands and some\nconcept guides. See 'git help <command>' or 'git help <concept>'\nto read about a specific subcommand or concept.\nSee 'git help git' for an overview of the system.\n""
[0m01:25:56.273394 [debug] [MainThread]: STDERR: "b''"
[0m01:25:56.273729 [info ] [MainThread]:  - git [[32mOK found[0m]

[0m01:25:56.274012 [info ] [MainThread]: Connection:
[0m01:25:56.274232 [info ] [MainThread]:   host: dbc-212968b5-8dc8.cloud.databricks.com
[0m01:25:56.274411 [info ] [MainThread]:   http_path: /sql/1.0/warehouses/d1f22b7cb91c9156
[0m01:25:56.274566 [info ] [MainThread]:   catalog: dbt_dev
[0m01:25:56.274821 [info ] [MainThread]:   schema: default
[0m01:25:56.275296 [info ] [MainThread]: Registered adapter: databricks=1.10.9
[0m01:25:56.467061 [debug] [MainThread]: Databricks adapter: DatabricksDBTConnection(session-id=None, name=debug) - Creating connection
[0m01:25:56.467520 [debug] [MainThread]: Acquiring new databricks connection 'debug'
[0m01:25:56.467797 [debug] [MainThread]: Using databricks connection "debug"
[0m01:25:56.467991 [debug] [MainThread]: On debug: select 1 as id
[0m01:25:56.468168 [debug] [MainThread]: Opening a new connection, currently in state init
[0m01:26:00.225258 [debug] [MainThread]: Databricks adapter: Connection(session-id=01f18150-5c1d-14d5-893c-80376efaf08d) - Created
[0m01:26:00.917882 [debug] [MainThread]: SQL status: OK in 4.450 seconds
[0m01:26:00.918959 [debug] [MainThread]: Databricks adapter: Cursor(session-id=01f18150-5c1d-14d5-893c-80376efaf08d, command-id=01f18150-5d21-1060-9ed2-b466308e1524) - Closing
[0m01:26:00.919315 [debug] [MainThread]: On debug: Close
[0m01:26:00.919524 [debug] [MainThread]: Databricks adapter: Connection(session-id=01f18150-5c1d-14d5-893c-80376efaf08d) - Closing
[0m01:26:01.241666 [info ] [MainThread]:   Connection test: [[32mOK connection ok[0m]

[0m01:26:01.242062 [info ] [MainThread]: [32mAll checks passed![0m
[0m01:26:01.242872 [debug] [MainThread]: Command `cli debug` succeeded at 01:26:01.242766 after 6.25 seconds
[0m01:26:01.243186 [debug] [MainThread]: Sending event: {'category': 'dbt', 'action': 'invocation', 'label': 'end', 'context': [<snowplow_tracker.self_describing_json.SelfDescribingJson object at 0x000001FE46579480>, <snowplow_tracker.self_describing_json.SelfDescribingJson object at 0x000001FE465A9B50>, <snowplow_tracker.self_describing_json.SelfDescribingJson object at 0x000001FE464B3240>]}
[0m01:26:01.243477 [debug] [MainThread]: Flushing usage events
[0m01:26:02.774582 [debug] [MainThread]: An error was encountered while trying to flush usage events
[0m14:17:28.861350 [debug] [MainThread]: Sending event: {'category': 'dbt', 'action': 'invocation', 'label': 'start', 'context': [<snowplow_tracker.self_describing_json.SelfDescribingJson object at 0x00000257A8939400>, <snowplow_tracker.self_describing_json.SelfDescribingJson object at 0x00000257AB063ED0>, <snowplow_tracker.self_describing_json.SelfDescribingJson object at 0x00000257AB063C50>]}


============================== 14:17:28.864958 | 61e37f1f-9acd-4271-83e0-9f0be6a76651 ==============================
[0m14:17:28.864958 [info ] [MainThread]: Running with dbt=1.12.0
[0m14:17:28.865400 [debug] [MainThread]: running dbt with arguments {'static_parser': 'True', 'no_print': 'None', 'version_check': 'True', 'target_path': 'None', 'warn_error_options': 'WarnErrorOptionsV2(error=[], warn=[], silence=[])', 'maximum_seed_size_mib': '1', 'printer_width': '80', 'write_json': 'True', 'introspect': 'True', 'log_cache_events': 'False', 'empty': 'None', 'cache_selected_only': 'False', 'log_format': 'default', 'debug': 'False', 'fail_fast': 'False', 'profiles_dir': 'C:\\Users\\nathj\\.dbt', 'send_anonymous_usage_stats': 'True', 'quiet': 'False', 'warn_error': 'None', 'partial_parse': 'True', 'indirect_selection': 'eager', 'hints_enabled': 'True', 'invocation_command': 'dbt ', 'use_experimental_parser': 'False', 'use_colors': 'True', 'log_path': 'd:\\Software\\databuildtool\\Joy_dbt_project\\logs'}
[0m14:17:28.976963 [debug] [MainThread]: Sending event: {'category': 'dbt', 'action': 'project_id', 'label': '61e37f1f-9acd-4271-83e0-9f0be6a76651', 'context': [<snowplow_tracker.self_describing_json.SelfDescribingJson object at 0x00000257A9025F30>]}
[0m14:17:29.000610 [info ] [MainThread]: Warning: No packages were found in packages.yml
[0m14:17:29.001555 [info ] [MainThread]: Warning: No packages were found in packages.yml
[0m14:17:29.002292 [debug] [MainThread]: Command `cli deps` succeeded at 14:17:29.002196 after 0.26 seconds
[0m14:17:29.002531 [debug] [MainThread]: Sending event: {'category': 'dbt', 'action': 'invocation', 'label': 'end', 'context': [<snowplow_tracker.self_describing_json.SelfDescribingJson object at 0x00000257A82117B0>, <snowplow_tracker.self_describing_json.SelfDescribingJson object at 0x00000257AB368160>, <snowplow_tracker.self_describing_json.SelfDescribingJson object at 0x00000257AAEBAC50>]}
[0m14:17:29.002763 [debug] [MainThread]: Flushing usage events
[0m14:17:30.438877 [debug] [MainThread]: An error was encountered while trying to flush usage events
[0m14:48:28.235201 [debug] [MainThread]: Sending event: {'category': 'dbt', 'action': 'invocation', 'label': 'start', 'context': [<snowplow_tracker.self_describing_json.SelfDescribingJson object at 0x0000029C8A0F5550>, <snowplow_tracker.self_describing_json.SelfDescribingJson object at 0x0000029C8C823ED0>, <snowplow_tracker.self_describing_json.SelfDescribingJson object at 0x0000029C8C823B10>]}


============================== 14:48:28.238190 | 2ebcae15-c04f-4057-8389-7fe4b1fcb9ee ==============================
[0m14:48:28.238190 [info ] [MainThread]: Running with dbt=1.12.0
[0m14:48:28.238768 [debug] [MainThread]: running dbt with arguments {'version_check': 'True', 'no_print': 'None', 'static_parser': 'True', 'target_path': 'None', 'warn_error_options': 'WarnErrorOptionsV2(error=[], warn=[], silence=[])', 'maximum_seed_size_mib': '1', 'printer_width': '80', 'write_json': 'True', 'introspect': 'True', 'log_cache_events': 'False', 'empty': 'None', 'cache_selected_only': 'False', 'fail_fast': 'False', 'debug': 'False', 'log_format': 'default', 'partial_parse': 'True', 'send_anonymous_usage_stats': 'True', 'quiet': 'False', 'warn_error': 'None', 'profiles_dir': 'D:\\Software\\databuildtool\\joy_dbt_project', 'invocation_command': 'dbt debug', 'hints_enabled': 'True', 'use_colors': 'True', 'use_experimental_parser': 'False', 'indirect_selection': 'eager', 'log_path': 'D:\\Software\\databuildtool\\joy_dbt_project\\logs'}
[0m14:48:28.249281 [info ] [MainThread]: dbt version: 1.12.0
[0m14:48:28.249694 [info ] [MainThread]: python version: 3.13.14
[0m14:48:28.249987 [info ] [MainThread]: python path: D:\Software\databuildtool\.venv\Scripts\python.exe
[0m14:48:28.250289 [info ] [MainThread]: os info: Windows-11-10.0.26200-SP0
[0m14:48:28.845458 [debug] [MainThread]: Spark adapter: Setting pyhive.hive logging to ERROR
[0m14:48:28.845794 [debug] [MainThread]: Spark adapter: Setting thrift.transport logging to ERROR
[0m14:48:28.846030 [debug] [MainThread]: Spark adapter: Setting thrift.protocol logging to ERROR
[0m14:48:29.234617 [info ] [MainThread]: Using profiles dir at D:\Software\databuildtool\joy_dbt_project
[0m14:48:29.235061 [info ] [MainThread]: Using profiles.yml file at D:\Software\databuildtool\joy_dbt_project\profiles.yml
[0m14:48:29.235320 [info ] [MainThread]: Using dbt_project.yml file at D:\Software\databuildtool\joy_dbt_project\dbt_project.yml
[0m14:48:29.235548 [info ] [MainThread]: adapter type: databricks
[0m14:48:29.235935 [info ] [MainThread]: adapter version: 1.10.9
[0m14:48:29.312087 [info ] [MainThread]: Configuration:
[0m14:48:29.312512 [info ] [MainThread]:   profiles.yml file [[32mOK found and valid[0m]
[0m14:48:29.312786 [info ] [MainThread]:   dbt_project.yml file [[32mOK found and valid[0m]
[0m14:48:29.313064 [info ] [MainThread]: Required dependencies:
[0m14:48:29.313323 [debug] [MainThread]: Executing "git --help"
[0m14:48:29.341530 [debug] [MainThread]: STDOUT: "b"usage: git [-v | --version] [-h | --help] [-C <path>] [-c <name>=<value>]\n           [--exec-path[=<path>]] [--html-path] [--man-path] [--info-path]\n           [-p | --paginate | -P | --no-pager] [--no-replace-objects] [--no-lazy-fetch]\n           [--no-optional-locks] [--no-advice] [--bare] [--git-dir=<path>]\n           [--work-tree=<path>] [--namespace=<name>] [--config-env=<name>=<envvar>]\n           <command> [<args>]\n\nThese are common Git commands used in various situations:\n\nstart a working area (see also: git help tutorial)\n   clone      Clone a repository into a new directory\n   init       Create an empty Git repository or reinitialize an existing one\n\nwork on the current change (see also: git help everyday)\n   add        Add file contents to the index\n   mv         Move or rename a file, a directory, or a symlink\n   restore    Restore working tree files\n   rm         Remove files from the working tree and from the index\n\nexamine the history and state (see also: git help revisions)\n   bisect     Use binary search to find the commit that introduced a bug\n   diff       Show changes between commits, commit and working tree, etc\n   grep       Print lines matching a pattern\n   log        Show commit logs\n   show       Show various types of objects\n   status     Show the working tree status\n\ngrow, mark and tweak your common history\n   backfill   Download missing objects in a partial clone\n   branch     List, create, or delete branches\n   commit     Record changes to the repository\n   merge      Join two or more development histories together\n   rebase     Reapply commits on top of another base tip\n   reset      Reset current HEAD to the specified state\n   switch     Switch branches\n   tag        Create, list, delete or verify tags\n\ncollaborate (see also: git help workflows)\n   fetch      Download objects and refs from another repository\n   pull       Fetch from and integrate with another repository or a local branch\n   push       Update remote refs along with associated objects\n\n'git help -a' and 'git help -g' list available subcommands and some\nconcept guides. See 'git help <command>' or 'git help <concept>'\nto read about a specific subcommand or concept.\nSee 'git help git' for an overview of the system.\n""
[0m14:48:29.341870 [debug] [MainThread]: STDERR: "b''"
[0m14:48:29.342145 [info ] [MainThread]:  - git [[32mOK found[0m]

[0m14:48:29.342463 [info ] [MainThread]: Connection:
[0m14:48:29.342775 [info ] [MainThread]:   host: dbc-212968b5-8dc8.cloud.databricks.com
[0m14:48:29.343041 [info ] [MainThread]:   http_path: /sql/1.0/warehouses/d1f22b7cb91c9156
[0m14:48:29.343284 [info ] [MainThread]:   catalog: dbt_dev
[0m14:48:29.343500 [info ] [MainThread]:   schema: default
[0m14:48:29.343893 [info ] [MainThread]: Registered adapter: databricks=1.10.9
[0m14:48:29.528970 [debug] [MainThread]: Databricks adapter: DatabricksDBTConnection(session-id=None, name=debug) - Creating connection
[0m14:48:29.529278 [debug] [MainThread]: Acquiring new databricks connection 'debug'
[0m14:48:29.529469 [debug] [MainThread]: Using databricks connection "debug"
[0m14:48:29.529663 [debug] [MainThread]: On debug: select 1 as id
[0m14:48:29.529836 [debug] [MainThread]: Opening a new connection, currently in state init
[0m14:48:32.117307 [debug] [MainThread]: Databricks adapter: Connection(session-id=01f181c0-7a1b-13bd-acf4-cabd358b6998) - Created
[0m14:48:32.765579 [debug] [MainThread]: SQL status: OK in 3.240 seconds
[0m14:48:32.766408 [debug] [MainThread]: Databricks adapter: Cursor(session-id=01f181c0-7a1b-13bd-acf4-cabd358b6998, command-id=01f181c0-7af8-123b-abcd-675275004a02) - Closing
[0m14:48:32.766740 [debug] [MainThread]: On debug: Close
[0m14:48:32.766987 [debug] [MainThread]: Databricks adapter: Connection(session-id=01f181c0-7a1b-13bd-acf4-cabd358b6998) - Closing
[0m14:48:33.101992 [info ] [MainThread]:   Connection test: [[32mOK connection ok[0m]

[0m14:48:33.103141 [info ] [MainThread]: [32mAll checks passed![0m
[0m14:48:33.104340 [debug] [MainThread]: Command `dbt debug` succeeded at 14:48:33.104218 after 4.99 seconds
[0m14:48:33.104663 [debug] [MainThread]: Sending event: {'category': 'dbt', 'action': 'invocation', 'label': 'end', 'context': [<snowplow_tracker.self_describing_json.SelfDescribingJson object at 0x0000029CB00255B0>, <snowplow_tracker.self_describing_json.SelfDescribingJson object at 0x0000029CB007D7F0>, <snowplow_tracker.self_describing_json.SelfDescribingJson object at 0x0000029CAFF47680>]}
[0m14:48:33.104957 [debug] [MainThread]: Flushing usage events
[0m14:48:34.378772 [debug] [MainThread]: An error was encountered while trying to flush usage events
[0m14:48:59.549780 [debug] [MainThread]: Sending event: {'category': 'dbt', 'action': 'invocation', 'label': 'start', 'context': [<snowplow_tracker.self_describing_json.SelfDescribingJson object at 0x00000250ED885550>, <snowplow_tracker.self_describing_json.SelfDescribingJson object at 0x00000250EFFB3ED0>, <snowplow_tracker.self_describing_json.SelfDescribingJson object at 0x00000250EFFB3B10>]}


============================== 14:48:59.552522 | 32827299-1cca-477e-ac2e-a5c802db9cfc ==============================
[0m14:48:59.552522 [info ] [MainThread]: Running with dbt=1.12.0
[0m14:48:59.553110 [debug] [MainThread]: running dbt with arguments {'version_check': 'True', 'no_print': 'None', 'maximum_seed_size_mib': '1', 'warn_error_options': 'WarnErrorOptionsV2(error=[], warn=[], silence=[])', 'target_path': 'None', 'static_parser': 'True', 'printer_width': '80', 'write_json': 'True', 'empty': 'None', 'log_cache_events': 'False', 'introspect': 'True', 'cache_selected_only': 'False', 'fail_fast': 'False', 'debug': 'False', 'log_format': 'default', 'partial_parse': 'True', 'send_anonymous_usage_stats': 'True', 'quiet': 'False', 'warn_error': 'None', 'profiles_dir': 'D:\\Software\\databuildtool\\joy_dbt_project', 'indirect_selection': 'eager', 'hints_enabled': 'True', 'invocation_command': 'dbt debug', 'use_experimental_parser': 'False', 'use_colors': 'True', 'log_path': 'D:\\Software\\databuildtool\\joy_dbt_project\\logs'}
[0m14:48:59.563340 [info ] [MainThread]: dbt version: 1.12.0
[0m14:48:59.563765 [info ] [MainThread]: python version: 3.13.14
[0m14:48:59.564052 [info ] [MainThread]: python path: D:\Software\databuildtool\.venv\Scripts\python.exe
[0m14:48:59.564277 [info ] [MainThread]: os info: Windows-11-10.0.26200-SP0
[0m14:49:00.163888 [debug] [MainThread]: Spark adapter: Setting pyhive.hive logging to ERROR
[0m14:49:00.164207 [debug] [MainThread]: Spark adapter: Setting thrift.transport logging to ERROR
[0m14:49:00.164397 [debug] [MainThread]: Spark adapter: Setting thrift.protocol logging to ERROR
[0m14:49:00.538808 [info ] [MainThread]: Using profiles dir at D:\Software\databuildtool\joy_dbt_project
[0m14:49:00.539305 [info ] [MainThread]: Using profiles.yml file at D:\Software\databuildtool\joy_dbt_project\profiles.yml
[0m14:49:00.539567 [info ] [MainThread]: Using dbt_project.yml file at D:\Software\databuildtool\joy_dbt_project\dbt_project.yml
[0m14:49:00.539788 [info ] [MainThread]: adapter type: databricks
[0m14:49:00.539997 [info ] [MainThread]: adapter version: 1.10.9
[0m14:49:00.609954 [info ] [MainThread]: Configuration:
[0m14:49:00.610584 [info ] [MainThread]:   profiles.yml file [[32mOK found and valid[0m]
[0m14:49:00.610991 [info ] [MainThread]:   dbt_project.yml file [[32mOK found and valid[0m]
[0m14:49:00.611227 [info ] [MainThread]: Required dependencies:
[0m14:49:00.611484 [debug] [MainThread]: Executing "git --help"
[0m14:49:00.638514 [debug] [MainThread]: STDOUT: "b"usage: git [-v | --version] [-h | --help] [-C <path>] [-c <name>=<value>]\n           [--exec-path[=<path>]] [--html-path] [--man-path] [--info-path]\n           [-p | --paginate | -P | --no-pager] [--no-replace-objects] [--no-lazy-fetch]\n           [--no-optional-locks] [--no-advice] [--bare] [--git-dir=<path>]\n           [--work-tree=<path>] [--namespace=<name>] [--config-env=<name>=<envvar>]\n           <command> [<args>]\n\nThese are common Git commands used in various situations:\n\nstart a working area (see also: git help tutorial)\n   clone      Clone a repository into a new directory\n   init       Create an empty Git repository or reinitialize an existing one\n\nwork on the current change (see also: git help everyday)\n   add        Add file contents to the index\n   mv         Move or rename a file, a directory, or a symlink\n   restore    Restore working tree files\n   rm         Remove files from the working tree and from the index\n\nexamine the history and state (see also: git help revisions)\n   bisect     Use binary search to find the commit that introduced a bug\n   diff       Show changes between commits, commit and working tree, etc\n   grep       Print lines matching a pattern\n   log        Show commit logs\n   show       Show various types of objects\n   status     Show the working tree status\n\ngrow, mark and tweak your common history\n   backfill   Download missing objects in a partial clone\n   branch     List, create, or delete branches\n   commit     Record changes to the repository\n   merge      Join two or more development histories together\n   rebase     Reapply commits on top of another base tip\n   reset      Reset current HEAD to the specified state\n   switch     Switch branches\n   tag        Create, list, delete or verify tags\n\ncollaborate (see also: git help workflows)\n   fetch      Download objects and refs from another repository\n   pull       Fetch from and integrate with another repository or a local branch\n   push       Update remote refs along with associated objects\n\n'git help -a' and 'git help -g' list available subcommands and some\nconcept guides. See 'git help <command>' or 'git help <concept>'\nto read about a specific subcommand or concept.\nSee 'git help git' for an overview of the system.\n""
[0m14:49:00.638855 [debug] [MainThread]: STDERR: "b''"
[0m14:49:00.639124 [info ] [MainThread]:  - git [[32mOK found[0m]

[0m14:49:00.639456 [info ] [MainThread]: Connection:
[0m14:49:00.639774 [info ] [MainThread]:   host: dbc-212968b5-8dc8.cloud.databricks.com
[0m14:49:00.640106 [info ] [MainThread]:   http_path: /sql/1.0/warehouses/d1f22b7cb91c9156
[0m14:49:00.640318 [info ] [MainThread]:   catalog: dbt_dev
[0m14:49:00.640523 [info ] [MainThread]:   schema: default
[0m14:49:00.640934 [info ] [MainThread]: Registered adapter: databricks=1.10.9
[0m14:49:00.828633 [debug] [MainThread]: Databricks adapter: DatabricksDBTConnection(session-id=None, name=debug) - Creating connection
[0m14:49:00.828895 [debug] [MainThread]: Acquiring new databricks connection 'debug'
[0m14:49:00.829197 [debug] [MainThread]: Using databricks connection "debug"
[0m14:49:00.829382 [debug] [MainThread]: On debug: select 1 as id
[0m14:49:00.829585 [debug] [MainThread]: Opening a new connection, currently in state init
[0m14:49:03.537716 [debug] [MainThread]: Databricks adapter: Connection(session-id=01f181c0-8cac-1c80-9eca-a5362ba7432a) - Created
[0m14:49:04.189206 [debug] [MainThread]: SQL status: OK in 3.360 seconds
[0m14:49:04.190870 [debug] [MainThread]: Databricks adapter: Cursor(session-id=01f181c0-8cac-1c80-9eca-a5362ba7432a, command-id=01f181c0-8db5-18b0-9613-0843f2aea709) - Closing
[0m14:49:04.191426 [debug] [MainThread]: On debug: Close
[0m14:49:04.191876 [debug] [MainThread]: Databricks adapter: Connection(session-id=01f181c0-8cac-1c80-9eca-a5362ba7432a) - Closing
[0m14:49:04.536587 [info ] [MainThread]:   Connection test: [[32mOK connection ok[0m]

[0m14:49:04.537132 [info ] [MainThread]: [32mAll checks passed![0m
[0m14:49:04.537910 [debug] [MainThread]: Command `dbt debug` succeeded at 14:49:04.537806 after 5.11 seconds
[0m14:49:04.538202 [debug] [MainThread]: Sending event: {'category': 'dbt', 'action': 'invocation', 'label': 'end', 'context': [<snowplow_tracker.self_describing_json.SelfDescribingJson object at 0x00000250937355B0>, <snowplow_tracker.self_describing_json.SelfDescribingJson object at 0x000002509378D7F0>, <snowplow_tracker.self_describing_json.SelfDescribingJson object at 0x0000025093653680>]}
[0m14:49:04.538501 [debug] [MainThread]: Flushing usage events
[0m14:49:05.819103 [debug] [MainThread]: An error was encountered while trying to flush usage events
[0m14:50:01.734598 [debug] [MainThread]: Sending event: {'category': 'dbt', 'action': 'invocation', 'label': 'start', 'context': [<snowplow_tracker.self_describing_json.SelfDescribingJson object at 0x000001EACDCC5550>, <snowplow_tracker.self_describing_json.SelfDescribingJson object at 0x000001EAD044FED0>, <snowplow_tracker.self_describing_json.SelfDescribingJson object at 0x000001EAD044F750>]}


============================== 14:50:01.737695 | 53085073-3321-4d78-a8d7-2aad978c35b1 ==============================
[0m14:50:01.737695 [info ] [MainThread]: Running with dbt=1.12.0
[0m14:50:01.738169 [debug] [MainThread]: running dbt with arguments {'version_check': 'True', 'no_print': 'None', 'static_parser': 'True', 'target_path': 'None', 'warn_error_options': 'WarnErrorOptionsV2(error=[], warn=[], silence=[])', 'maximum_seed_size_mib': '1', 'printer_width': '80', 'write_json': 'True', 'empty': 'False', 'log_cache_events': 'False', 'introspect': 'True', 'cache_selected_only': 'False', 'fail_fast': 'False', 'debug': 'False', 'log_format': 'default', 'profiles_dir': 'D:\\Software\\databuildtool\\joy_dbt_project', 'send_anonymous_usage_stats': 'True', 'quiet': 'False', 'warn_error': 'None', 'partial_parse': 'True', 'use_colors': 'True', 'hints_enabled': 'True', 'invocation_command': 'dbt compile', 'use_experimental_parser': 'False', 'indirect_selection': 'eager', 'log_path': 'D:\\Software\\databuildtool\\joy_dbt_project\\logs'}
[0m14:50:02.335736 [debug] [MainThread]: Spark adapter: Setting pyhive.hive logging to ERROR
[0m14:50:02.336045 [debug] [MainThread]: Spark adapter: Setting thrift.transport logging to ERROR
[0m14:50:02.336258 [debug] [MainThread]: Spark adapter: Setting thrift.protocol logging to ERROR
[0m14:50:02.811015 [debug] [MainThread]: Sending event: {'category': 'dbt', 'action': 'project_id', 'label': '53085073-3321-4d78-a8d7-2aad978c35b1', 'context': [<snowplow_tracker.self_describing_json.SelfDescribingJson object at 0x000001EACE3CA060>]}
[0m14:50:02.859405 [debug] [MainThread]: Sending event: {'category': 'dbt', 'action': 'adapter_info', 'label': '53085073-3321-4d78-a8d7-2aad978c35b1', 'context': [<snowplow_tracker.self_describing_json.SelfDescribingJson object at 0x000001EAF3B3EE00>]}
[0m14:50:02.860036 [info ] [MainThread]: Registered adapter: databricks=1.10.9
[0m14:50:03.083035 [debug] [MainThread]: checksum: 51bffad223a9c98a08c79e4989a42c7558e30a44e111af58dbf0a793e5be8f7c, vars: {}, profile: Joy_dbt_project, target: dev, version: 1.12.0
[0m14:50:03.163272 [debug] [MainThread]: Partial parsing enabled: 0 files deleted, 0 files added, 0 files changed.
[0m14:50:03.163573 [debug] [MainThread]: Nothing changed, skipping partial parsing.
[0m14:50:03.163772 [debug] [MainThread]: Partial parsing enabled, no changes found, skipping parsing
[0m14:50:03.168329 [warn ] [MainThread]: [[33mWARNING[0m]: Configuration paths exist in your dbt_project.yml file which do not apply to any resources.
There are 1 unused configuration paths:
- models.Joy_dbt_project.example
[0m14:50:03.171127 [debug] [MainThread]: Sending event: {'category': 'dbt', 'action': 'load_project', 'label': '53085073-3321-4d78-a8d7-2aad978c35b1', 'context': [<snowplow_tracker.self_describing_json.SelfDescribingJson object at 0x000001EAF3E00850>]}
[0m14:50:03.234653 [debug] [MainThread]: Wrote artifact WritableManifest to D:\Software\databuildtool\joy_dbt_project\target\manifest.json
[0m14:50:03.265548 [debug] [MainThread]: Wrote artifact SemanticManifest to D:\Software\databuildtool\joy_dbt_project\target\semantic_manifest.json
[0m14:50:03.529791 [debug] [MainThread]: Wrote artifact OsiDocument to D:\Software\databuildtool\joy_dbt_project\target\osi_document.json
[0m14:50:03.578819 [debug] [MainThread]: Sending event: {'category': 'dbt', 'action': 'resource_counts', 'label': '53085073-3321-4d78-a8d7-2aad978c35b1', 'context': [<snowplow_tracker.self_describing_json.SelfDescribingJson object at 0x000001EAF3F295E0>]}
[0m14:50:03.579159 [info ] [MainThread]: Found 1 model, 726 macros
[0m14:50:03.579447 [debug] [MainThread]: Sending event: {'category': 'dbt', 'action': 'runnable_timing', 'label': '53085073-3321-4d78-a8d7-2aad978c35b1', 'context': [<snowplow_tracker.self_describing_json.SelfDescribingJson object at 0x000001EAF3EF0D70>]}
[0m14:50:03.580512 [info ] [MainThread]: 
[0m14:50:03.580824 [info ] [MainThread]: Concurrency: 1 threads (target='dev')
[0m14:50:03.581062 [info ] [MainThread]: 
[0m14:50:03.581441 [debug] [MainThread]: Databricks adapter: DatabricksDBTConnection(session-id=None, name=master) - Creating connection
[0m14:50:03.581637 [debug] [MainThread]: Acquiring new databricks connection 'master'
[0m14:50:03.582428 [debug] [ThreadPool]: Databricks adapter: DatabricksDBTConnection(session-id=None, name=list_dbt_dev_default) - Creating connection
[0m14:50:03.582641 [debug] [ThreadPool]: Acquiring new databricks connection 'list_dbt_dev_default'
[0m14:50:03.590148 [debug] [ThreadPool]: Using databricks connection "list_dbt_dev_default"
[0m14:50:03.590525 [debug] [ThreadPool]: On list_dbt_dev_default: /* {"app": "dbt", "dbt_version": "1.12.0", "dbt_databricks_version": "1.10.9", "databricks_sql_connector_version": "4.3.0", "profile_name": "Joy_dbt_project", "target_name": "dev", "connection_name": "list_dbt_dev_default"} */

    
SELECT
  table_name,
  if(table_type IN ('EXTERNAL', 'MANAGED', 'MANAGED_SHALLOW_CLONE', 'EXTERNAL_SHALLOW_CLONE'), 'table', lower(table_type)) AS table_type,
  lower(data_source_format) AS file_format,
  table_owner,
  if(
    table_type IN (
      'EXTERNAL',
      'MANAGED',
      'MANAGED_SHALLOW_CLONE',
      'EXTERNAL_SHALLOW_CLONE'
    ),
    lower(table_type),
    NULL
  ) AS databricks_table_type
FROM `system`.`information_schema`.`tables`
WHERE table_catalog = 'dbt_dev' 
  AND table_schema = 'default'

  
[0m14:50:03.590757 [debug] [ThreadPool]: Opening a new connection, currently in state init
[0m14:50:06.014318 [debug] [ThreadPool]: Databricks adapter: Connection(session-id=01f181c0-b211-1501-aedf-8a53694c25af) - Created
[0m14:50:07.977160 [debug] [ThreadPool]: SQL status: OK in 4.390 seconds
[0m14:50:08.045862 [debug] [ThreadPool]: Databricks adapter: Cursor(session-id=01f181c0-b211-1501-aedf-8a53694c25af, command-id=01f181c0-b2f1-1892-b7ac-eaadba17dc76) - Closing
[0m14:50:08.046295 [debug] [ThreadPool]: On list_dbt_dev_default: Close
[0m14:50:08.046534 [debug] [ThreadPool]: Databricks adapter: Connection(session-id=01f181c0-b211-1501-aedf-8a53694c25af) - Closing
[0m14:50:08.386356 [debug] [MainThread]: Sending event: {'category': 'dbt', 'action': 'runnable_timing', 'label': '53085073-3321-4d78-a8d7-2aad978c35b1', 'context': [<snowplow_tracker.self_describing_json.SelfDescribingJson object at 0x000001EAF3EFC7A0>]}
[0m14:50:08.409352 [debug] [Thread-2 (]: Began running node model.Joy_dbt_project.bronze_sale
[0m14:50:08.409978 [debug] [Thread-2 (]: Databricks adapter: DatabricksDBTConnection(session-id=None, name=model.Joy_dbt_project.bronze_sale) - Creating connection
[0m14:50:08.410225 [debug] [Thread-2 (]: Acquiring new databricks connection 'model.Joy_dbt_project.bronze_sale'
[0m14:50:08.410426 [debug] [Thread-2 (]: Began compiling node model.Joy_dbt_project.bronze_sale
[0m14:50:08.413763 [debug] [Thread-2 (]: Writing injected SQL for node "model.Joy_dbt_project.bronze_sale"
[0m14:50:08.415072 [debug] [Thread-2 (]: Began executing node model.Joy_dbt_project.bronze_sale
[0m14:50:08.415578 [debug] [Thread-2 (]: Finished running node model.Joy_dbt_project.bronze_sale
[0m14:50:08.416636 [debug] [MainThread]: Command end result
[0m14:50:08.440346 [debug] [MainThread]: Wrote artifact WritableManifest to D:\Software\databuildtool\joy_dbt_project\target\manifest.json
[0m14:50:08.442707 [debug] [MainThread]: Wrote artifact SemanticManifest to D:\Software\databuildtool\joy_dbt_project\target\semantic_manifest.json
[0m14:50:08.444699 [debug] [MainThread]: Wrote artifact OsiDocument to D:\Software\databuildtool\joy_dbt_project\target\osi_document.json
[0m14:50:08.449443 [debug] [MainThread]: Wrote artifact RunExecutionResult to D:\Software\databuildtool\joy_dbt_project\target\run_results.json
[0m14:50:08.450135 [debug] [MainThread]: Command `dbt compile` succeeded at 14:50:08.450041 after 6.85 seconds
[0m14:50:08.450396 [debug] [MainThread]: Sending event: {'category': 'dbt', 'action': 'invocation', 'label': 'end', 'context': [<snowplow_tracker.self_describing_json.SelfDescribingJson object at 0x000001EAD02A1610>, <snowplow_tracker.self_describing_json.SelfDescribingJson object at 0x000001EAF4156FC0>, <snowplow_tracker.self_describing_json.SelfDescribingJson object at 0x000001EAF4156DB0>]}
[0m14:50:08.450634 [debug] [MainThread]: Flushing usage events
[0m14:50:09.685812 [debug] [MainThread]: An error was encountered while trying to flush usage events
[0m14:50:27.944174 [debug] [MainThread]: Sending event: {'category': 'dbt', 'action': 'invocation', 'label': 'start', 'context': [<snowplow_tracker.self_describing_json.SelfDescribingJson object at 0x000001E78B1B5550>, <snowplow_tracker.self_describing_json.SelfDescribingJson object at 0x000001E78D93FED0>, <snowplow_tracker.self_describing_json.SelfDescribingJson object at 0x000001E78D93F750>]}


============================== 14:50:27.947226 | 04a122d6-e0ad-4d82-8932-c108f3f0fb03 ==============================
[0m14:50:27.947226 [info ] [MainThread]: Running with dbt=1.12.0
[0m14:50:27.947654 [debug] [MainThread]: running dbt with arguments {'static_parser': 'True', 'no_print': 'None', 'version_check': 'True', 'warn_error_options': 'WarnErrorOptionsV2(error=[], warn=[], silence=[])', 'maximum_seed_size_mib': '1', 'target_path': 'None', 'printer_width': '80', 'write_json': 'True', 'empty': 'False', 'log_cache_events': 'False', 'introspect': 'True', 'cache_selected_only': 'False', 'fail_fast': 'False', 'debug': 'False', 'log_format': 'default', 'profiles_dir': 'D:\\Software\\databuildtool\\joy_dbt_project', 'send_anonymous_usage_stats': 'True', 'quiet': 'False', 'warn_error': 'None', 'partial_parse': 'True', 'use_colors': 'True', 'hints_enabled': 'True', 'indirect_selection': 'eager', 'use_experimental_parser': 'False', 'invocation_command': 'dbt run', 'log_path': 'D:\\Software\\databuildtool\\joy_dbt_project\\logs'}
[0m14:50:28.538181 [debug] [MainThread]: Spark adapter: Setting pyhive.hive logging to ERROR
[0m14:50:28.538513 [debug] [MainThread]: Spark adapter: Setting thrift.transport logging to ERROR
[0m14:50:28.538718 [debug] [MainThread]: Spark adapter: Setting thrift.protocol logging to ERROR
[0m14:50:29.004068 [debug] [MainThread]: Sending event: {'category': 'dbt', 'action': 'project_id', 'label': '04a122d6-e0ad-4d82-8932-c108f3f0fb03', 'context': [<snowplow_tracker.self_describing_json.SelfDescribingJson object at 0x000001E78B8B6060>]}
[0m14:50:29.048852 [debug] [MainThread]: Sending event: {'category': 'dbt', 'action': 'adapter_info', 'label': '04a122d6-e0ad-4d82-8932-c108f3f0fb03', 'context': [<snowplow_tracker.self_describing_json.SelfDescribingJson object at 0x000001E7B103EE00>]}
[0m14:50:29.049406 [info ] [MainThread]: Registered adapter: databricks=1.10.9
[0m14:50:29.243210 [debug] [MainThread]: checksum: 51bffad223a9c98a08c79e4989a42c7558e30a44e111af58dbf0a793e5be8f7c, vars: {}, profile: Joy_dbt_project, target: dev, version: 1.12.0
[0m14:50:29.320765 [debug] [MainThread]: Partial parsing enabled: 0 files deleted, 0 files added, 0 files changed.
[0m14:50:29.321038 [debug] [MainThread]: Nothing changed, skipping partial parsing.
[0m14:50:29.321204 [debug] [MainThread]: Partial parsing enabled, no changes found, skipping parsing
[0m14:50:29.325720 [warn ] [MainThread]: [[33mWARNING[0m]: Configuration paths exist in your dbt_project.yml file which do not apply to any resources.
There are 1 unused configuration paths:
- models.Joy_dbt_project.example
[0m14:50:29.328798 [debug] [MainThread]: Sending event: {'category': 'dbt', 'action': 'load_project', 'label': '04a122d6-e0ad-4d82-8932-c108f3f0fb03', 'context': [<snowplow_tracker.self_describing_json.SelfDescribingJson object at 0x000001E7B1300850>]}
[0m14:50:29.395655 [debug] [MainThread]: Wrote artifact WritableManifest to D:\Software\databuildtool\joy_dbt_project\target\manifest.json
[0m14:50:29.398171 [debug] [MainThread]: Wrote artifact SemanticManifest to D:\Software\databuildtool\joy_dbt_project\target\semantic_manifest.json
[0m14:50:29.416674 [debug] [MainThread]: Wrote artifact OsiDocument to D:\Software\databuildtool\joy_dbt_project\target\osi_document.json
[0m14:50:29.459398 [debug] [MainThread]: Sending event: {'category': 'dbt', 'action': 'resource_counts', 'label': '04a122d6-e0ad-4d82-8932-c108f3f0fb03', 'context': [<snowplow_tracker.self_describing_json.SelfDescribingJson object at 0x000001E7B1428AA0>]}
[0m14:50:29.459743 [info ] [MainThread]: Found 1 model, 726 macros
[0m14:50:29.460113 [debug] [MainThread]: Sending event: {'category': 'dbt', 'action': 'runnable_timing', 'label': '04a122d6-e0ad-4d82-8932-c108f3f0fb03', 'context': [<snowplow_tracker.self_describing_json.SelfDescribingJson object at 0x000001E7B1671390>]}
[0m14:50:29.461198 [info ] [MainThread]: 
[0m14:50:29.461504 [info ] [MainThread]: Concurrency: 1 threads (target='dev')
[0m14:50:29.461752 [info ] [MainThread]: 
[0m14:50:29.462198 [debug] [MainThread]: Databricks adapter: DatabricksDBTConnection(session-id=None, name=master) - Creating connection
[0m14:50:29.462419 [debug] [MainThread]: Acquiring new databricks connection 'master'
[0m14:50:29.463189 [debug] [ThreadPool]: Databricks adapter: DatabricksDBTConnection(session-id=None, name=list_dbt_dev) - Creating connection
[0m14:50:29.463426 [debug] [ThreadPool]: Acquiring new databricks connection 'list_dbt_dev'
[0m14:50:29.463646 [debug] [ThreadPool]: Using databricks connection "list_dbt_dev"
[0m14:50:29.463996 [debug] [ThreadPool]: On list_dbt_dev: GetSchemas(database=dbt_dev, schema=None)
[0m14:50:29.464188 [debug] [ThreadPool]: Opening a new connection, currently in state init
[0m14:50:32.007555 [debug] [ThreadPool]: Databricks adapter: Connection(session-id=01f181c0-c186-13b4-af41-b5038423db0a) - Created
[0m14:50:33.112442 [debug] [ThreadPool]: SQL status: OK in 3.650 seconds
[0m14:50:33.113304 [debug] [ThreadPool]: Databricks adapter: Cursor(session-id=01f181c0-c186-13b4-af41-b5038423db0a, command-id=01f181c0-c26f-189b-b855-5c72ac084de5) - Closing
[0m14:50:33.113603 [debug] [ThreadPool]: On list_dbt_dev: Close
[0m14:50:33.113807 [debug] [ThreadPool]: Databricks adapter: Connection(session-id=01f181c0-c186-13b4-af41-b5038423db0a) - Closing
[0m14:50:33.461231 [debug] [ThreadPool]: Databricks adapter: DatabricksDBTConnection(session-id=None, name=list_dbt_dev_default) - Creating connection
[0m14:50:33.461584 [debug] [ThreadPool]: Acquiring new databricks connection 'list_dbt_dev_default'
[0m14:50:33.470206 [debug] [ThreadPool]: Using databricks connection "list_dbt_dev_default"
[0m14:50:33.470461 [debug] [ThreadPool]: On list_dbt_dev_default: /* {"app": "dbt", "dbt_version": "1.12.0", "dbt_databricks_version": "1.10.9", "databricks_sql_connector_version": "4.3.0", "profile_name": "Joy_dbt_project", "target_name": "dev", "connection_name": "list_dbt_dev_default"} */

    
SELECT
  table_name,
  if(table_type IN ('EXTERNAL', 'MANAGED', 'MANAGED_SHALLOW_CLONE', 'EXTERNAL_SHALLOW_CLONE'), 'table', lower(table_type)) AS table_type,
  lower(data_source_format) AS file_format,
  table_owner,
  if(
    table_type IN (
      'EXTERNAL',
      'MANAGED',
      'MANAGED_SHALLOW_CLONE',
      'EXTERNAL_SHALLOW_CLONE'
    ),
    lower(table_type),
    NULL
  ) AS databricks_table_type
FROM `system`.`information_schema`.`tables`
WHERE table_catalog = 'dbt_dev' 
  AND table_schema = 'default'

  
[0m14:50:33.470659 [debug] [ThreadPool]: Opening a new connection, currently in state init
[0m14:50:34.722626 [debug] [ThreadPool]: Databricks adapter: Connection(session-id=01f181c0-c3d7-1a3e-9bdf-7f727c5083e2) - Created
[0m14:50:35.738922 [debug] [ThreadPool]: SQL status: OK in 2.270 seconds
[0m14:50:35.748669 [debug] [ThreadPool]: Databricks adapter: Cursor(session-id=01f181c0-c3d7-1a3e-9bdf-7f727c5083e2, command-id=01f181c0-c40c-1a0c-b732-237c992da303) - Closing
[0m14:50:35.749035 [debug] [ThreadPool]: On list_dbt_dev_default: Close
[0m14:50:35.749254 [debug] [ThreadPool]: Databricks adapter: Connection(session-id=01f181c0-c3d7-1a3e-9bdf-7f727c5083e2) - Closing
[0m14:50:36.093545 [debug] [MainThread]: Sending event: {'category': 'dbt', 'action': 'runnable_timing', 'label': '04a122d6-e0ad-4d82-8932-c108f3f0fb03', 'context': [<snowplow_tracker.self_describing_json.SelfDescribingJson object at 0x000001E7B1684E20>]}
[0m14:50:36.096732 [debug] [Thread-3 (]: Began running node model.Joy_dbt_project.bronze_sale
[0m14:50:36.097164 [info ] [Thread-3 (]: 1 of 1 START sql view model default.bronze_sale ................................ [RUN]
[0m14:50:36.097669 [debug] [Thread-3 (]: Databricks adapter: DatabricksDBTConnection(session-id=None, name=model.Joy_dbt_project.bronze_sale) - Creating connection
[0m14:50:36.097916 [debug] [Thread-3 (]: Acquiring new databricks connection 'model.Joy_dbt_project.bronze_sale'
[0m14:50:36.098127 [debug] [Thread-3 (]: Began compiling node model.Joy_dbt_project.bronze_sale
[0m14:50:36.101752 [debug] [Thread-3 (]: Writing injected SQL for node "model.Joy_dbt_project.bronze_sale"
[0m14:50:36.102454 [debug] [Thread-3 (]: Began executing node model.Joy_dbt_project.bronze_sale
[0m14:50:36.113039 [debug] [Thread-3 (]: MATERIALIZING VIEW
[0m14:50:36.118774 [warn ] [Thread-3 (]: [[33mWARNING[0m]: Use revamped materializations based on separating create and insert.  This allows more performant column comments, as well as new column features.
You may opt into the new behavior sooner by setting `flags.use_materialization_v2` to `True` in `dbt_project.yml`.
Visit https://docs.getdbt.com/reference/global-configs/behavior-changes for more information.
[0m14:50:36.119709 [debug] [Thread-3 (]: Sending event: {'category': 'dbt', 'action': 'BehaviorChangeEvent', 'label': '04a122d6-e0ad-4d82-8932-c108f3f0fb03', 'context': [<snowplow_tracker.self_describing_json.SelfDescribingJson object at 0x000001E7B1446ED0>]}
[0m14:50:36.128664 [debug] [Thread-3 (]: Creating view `dbt_dev`.`default`.`bronze_sale`
[0m14:50:36.133588 [debug] [Thread-3 (]: Writing runtime sql for node "model.Joy_dbt_project.bronze_sale"
[0m14:50:36.134939 [debug] [Thread-3 (]: Using databricks connection "model.Joy_dbt_project.bronze_sale"
[0m14:50:36.135220 [debug] [Thread-3 (]: On model.Joy_dbt_project.bronze_sale: /* {"app": "dbt", "dbt_version": "1.12.0", "dbt_databricks_version": "1.10.9", "databricks_sql_connector_version": "4.3.0", "profile_name": "Joy_dbt_project", "target_name": "dev", "node_id": "model.Joy_dbt_project.bronze_sale"} */

  
  
  create or replace view `dbt_dev`.`default`.`bronze_sale`
  
  as (
    Select * from dbt_dev.source.fact_sales
  )

[0m14:50:36.135438 [debug] [Thread-3 (]: Opening a new connection, currently in state init
[0m14:50:37.305323 [debug] [Thread-3 (]: Databricks adapter: Connection(session-id=01f181c0-c564-1407-92ca-6ac6f8c868c7) - Created
[0m14:50:39.723045 [debug] [Thread-3 (]: SQL status: OK in 3.590 seconds
[0m14:50:39.724426 [debug] [Thread-3 (]: Databricks adapter: Cursor(session-id=01f181c0-c564-1407-92ca-6ac6f8c868c7, command-id=01f181c0-c595-1acd-9cc4-f216bc529173) - Closing
[0m14:50:39.731564 [debug] [Thread-3 (]: Applying tags to relation None
[0m14:50:39.734651 [debug] [Thread-3 (]: On model.Joy_dbt_project.bronze_sale: Close
[0m14:50:39.734939 [debug] [Thread-3 (]: Databricks adapter: Connection(session-id=01f181c0-c564-1407-92ca-6ac6f8c868c7) - Closing
[0m14:50:40.079086 [debug] [Thread-3 (]: Sending event: {'category': 'dbt', 'action': 'run_model', 'label': '04a122d6-e0ad-4d82-8932-c108f3f0fb03', 'context': [<snowplow_tracker.self_describing_json.SelfDescribingJson object at 0x000001E7B1656E60>]}
[0m14:50:40.079614 [info ] [Thread-3 (]: 1 of 1 OK created sql view model default.bronze_sale ........................... [[32mOK[0m in 3.97s]
[0m14:50:40.080175 [debug] [Thread-3 (]: Finished running node model.Joy_dbt_project.bronze_sale
[0m14:50:40.081164 [debug] [MainThread]: Databricks adapter: DatabricksDBTConnection(session-id=None, name=master) - Creating connection
[0m14:50:40.081384 [debug] [MainThread]: Acquiring new databricks connection 'master'
[0m14:50:40.081664 [info ] [MainThread]: 
[0m14:50:40.082113 [info ] [MainThread]: Finished running 1 view model in 0 hours 0 minutes and 10.62 seconds (10.62s).
[0m14:50:40.082612 [debug] [MainThread]: Command end result
[0m14:50:40.112751 [debug] [MainThread]: Wrote artifact WritableManifest to D:\Software\databuildtool\joy_dbt_project\target\manifest.json
[0m14:50:40.115087 [debug] [MainThread]: Wrote artifact SemanticManifest to D:\Software\databuildtool\joy_dbt_project\target\semantic_manifest.json
[0m14:50:40.117171 [debug] [MainThread]: Wrote artifact OsiDocument to D:\Software\databuildtool\joy_dbt_project\target\osi_document.json
[0m14:50:40.121565 [debug] [MainThread]: Wrote artifact RunExecutionResult to D:\Software\databuildtool\joy_dbt_project\target\run_results.json
[0m14:50:40.121855 [info ] [MainThread]: 
[0m14:50:40.122390 [info ] [MainThread]: [32mCompleted successfully[0m
[0m14:50:40.122784 [info ] [MainThread]: 
[0m14:50:40.123090 [info ] [MainThread]: Done. PASS=1 WARN=0 ERROR=0 SKIP=0 NO-OP=0 REUSED=0 TOTAL=1
[0m14:50:40.123737 [debug] [MainThread]: Command `dbt run` succeeded at 14:50:40.123651 after 12.29 seconds
[0m14:50:40.123989 [debug] [MainThread]: Sending event: {'category': 'dbt', 'action': 'invocation', 'label': 'end', 'context': [<snowplow_tracker.self_describing_json.SelfDescribingJson object at 0x000001E7B16B0A50>, <snowplow_tracker.self_describing_json.SelfDescribingJson object at 0x000001E7B1422B10>, <snowplow_tracker.self_describing_json.SelfDescribingJson object at 0x000001E7B13E6950>]}
[0m14:50:40.124507 [debug] [MainThread]: Flushing usage events
[0m14:50:41.396675 [debug] [MainThread]: An error was encountered while trying to flush usage events
[0m15:02:56.585233 [debug] [MainThread]: Sending event: {'category': 'dbt', 'action': 'invocation', 'label': 'start', 'context': [<snowplow_tracker.self_describing_json.SelfDescribingJson object at 0x0000029591D30F10>, <snowplow_tracker.self_describing_json.SelfDescribingJson object at 0x00000295930E0700>, <snowplow_tracker.self_describing_json.SelfDescribingJson object at 0x0000029593F9E670>]}


============================== 15:02:56.588663 | a11f3d21-7e8e-4823-851e-0c04ba4a53a6 ==============================
[0m15:02:56.588663 [info ] [MainThread]: Running with dbt=1.10.22
[0m15:02:56.589636 [debug] [MainThread]: running dbt with arguments {'fail_fast': 'False', 'debug': 'False', 'log_cache_events': 'False', 'send_anonymous_usage_stats': 'True', 'cache_selected_only': 'False', 'warn_error_options': 'WarnErrorOptionsV2(error=[], warn=[], silence=[])', 'log_format': 'default', 'target_path': 'None', 'version_check': 'True', 'empty': 'None', 'printer_width': '80', 'partial_parse': 'True', 'introspect': 'True', 'no_print': 'None', 'warn_error': 'None', 'write_json': 'True', 'invocation_command': 'dbt debug --profiles-dir .', 'quiet': 'False', 'log_path': 'D:\\Software\\databuildtool\\Joy_dbt_project\\logs', 'static_parser': 'True', 'profiles_dir': '.', 'use_experimental_parser': 'False', 'use_colors': 'True', 'indirect_selection': 'eager'}
[0m15:02:56.602892 [info ] [MainThread]: dbt version: 1.10.22
[0m15:02:56.603891 [info ] [MainThread]: python version: 3.9.12
[0m15:02:56.603891 [info ] [MainThread]: python path: D:\Software\databuildtool\.venv\Scripts\python.exe
[0m15:02:56.604892 [info ] [MainThread]: os info: Windows-10-10.0.26200-SP0
[0m15:03:00.947990 [debug] [MainThread]: Spark adapter: Setting pyhive.hive logging to ERROR
[0m15:03:00.948990 [debug] [MainThread]: Spark adapter: Setting thrift.transport logging to ERROR
[0m15:03:00.948990 [debug] [MainThread]: Spark adapter: Setting thrift.protocol logging to ERROR
[0m15:03:03.673742 [info ] [MainThread]: Using profiles dir at .
[0m15:03:03.673742 [info ] [MainThread]: Using profiles.yml file at .\profiles.yml
[0m15:03:03.674741 [info ] [MainThread]: Using dbt_project.yml file at D:\Software\databuildtool\Joy_dbt_project\dbt_project.yml
[0m15:03:03.675742 [info ] [MainThread]: adapter type: databricks
[0m15:03:03.675742 [info ] [MainThread]: adapter version: 1.10.9
[0m15:03:03.751460 [info ] [MainThread]: Configuration:
[0m15:03:03.752444 [info ] [MainThread]:   profiles.yml file [[32mOK found and valid[0m]
[0m15:03:03.753447 [info ] [MainThread]:   dbt_project.yml file [[32mOK found and valid[0m]
[0m15:03:03.753447 [info ] [MainThread]: Required dependencies:
[0m15:03:03.754447 [debug] [MainThread]: Executing "git --help"
[0m15:03:03.798446 [debug] [MainThread]: STDOUT: "b"usage: git [-v | --version] [-h | --help] [-C <path>] [-c <name>=<value>]\n           [--exec-path[=<path>]] [--html-path] [--man-path] [--info-path]\n           [-p | --paginate | -P | --no-pager] [--no-replace-objects] [--no-lazy-fetch]\n           [--no-optional-locks] [--no-advice] [--bare] [--git-dir=<path>]\n           [--work-tree=<path>] [--namespace=<name>] [--config-env=<name>=<envvar>]\n           <command> [<args>]\n\nThese are common Git commands used in various situations:\n\nstart a working area (see also: git help tutorial)\n   clone      Clone a repository into a new directory\n   init       Create an empty Git repository or reinitialize an existing one\n\nwork on the current change (see also: git help everyday)\n   add        Add file contents to the index\n   mv         Move or rename a file, a directory, or a symlink\n   restore    Restore working tree files\n   rm         Remove files from the working tree and from the index\n\nexamine the history and state (see also: git help revisions)\n   bisect     Use binary search to find the commit that introduced a bug\n   diff       Show changes between commits, commit and working tree, etc\n   grep       Print lines matching a pattern\n   log        Show commit logs\n   show       Show various types of objects\n   status     Show the working tree status\n\ngrow, mark and tweak your common history\n   backfill   Download missing objects in a partial clone\n   branch     List, create, or delete branches\n   commit     Record changes to the repository\n   merge      Join two or more development histories together\n   rebase     Reapply commits on top of another base tip\n   reset      Reset current HEAD to the specified state\n   switch     Switch branches\n   tag        Create, list, delete or verify tags\n\ncollaborate (see also: git help workflows)\n   fetch      Download objects and refs from another repository\n   pull       Fetch from and integrate with another repository or a local branch\n   push       Update remote refs along with associated objects\n\n'git help -a' and 'git help -g' list available subcommands and some\nconcept guides. See 'git help <command>' or 'git help <concept>'\nto read about a specific subcommand or concept.\nSee 'git help git' for an overview of the system.\n""
[0m15:03:03.799445 [debug] [MainThread]: STDERR: "b''"
[0m15:03:03.800445 [info ] [MainThread]:  - git [[32mOK found[0m]

[0m15:03:03.800445 [info ] [MainThread]: Connection:
[0m15:03:03.801446 [info ] [MainThread]:   host: dbc-212968b5-8dc8.cloud.databricks.com
[0m15:03:03.801446 [info ] [MainThread]:   http_path: /sql/1.0/warehouses/d1f22b7cb91c9156
[0m15:03:03.802448 [info ] [MainThread]:   catalog: dbt_dev
[0m15:03:03.802448 [info ] [MainThread]:   schema: default
[0m15:03:03.803445 [info ] [MainThread]: Registered adapter: databricks=1.10.9
[0m15:03:04.035191 [debug] [MainThread]: Databricks adapter: DatabricksDBTConnection(session-id=None, name=debug) - Creating connection
[0m15:03:04.035191 [debug] [MainThread]: Acquiring new databricks connection 'debug'
[0m15:03:04.036193 [debug] [MainThread]: Using databricks connection "debug"
[0m15:03:04.036193 [debug] [MainThread]: On debug: select 1 as id
[0m15:03:04.037192 [debug] [MainThread]: Opening a new connection, currently in state init
[0m15:03:06.642741 [debug] [MainThread]: Databricks adapter: Connection(session-id=01f181c2-8342-1833-9d7c-39351c1ea697) - Created
[0m15:03:17.460299 [debug] [MainThread]: SQL status: OK in 13.420 seconds
[0m15:03:17.461279 [debug] [MainThread]: Databricks adapter: Cursor(session-id=01f181c2-8342-1833-9d7c-39351c1ea697, command-id=01f181c2-8439-19fb-8386-7c84e36f1618) - Closing
[0m15:03:17.879250 [debug] [MainThread]: On debug: Close
[0m15:03:17.879250 [debug] [MainThread]: Databricks adapter: Connection(session-id=01f181c2-8342-1833-9d7c-39351c1ea697) - Closing
[0m15:03:18.198691 [info ] [MainThread]:   Connection test: [[32mOK connection ok[0m]

[0m15:03:18.199676 [info ] [MainThread]: [32mAll checks passed![0m
[0m15:03:18.200695 [debug] [MainThread]: Command `dbt debug` succeeded at 15:03:18.200695 after 21.69 seconds
[0m15:03:18.200695 [debug] [MainThread]: Sending event: {'category': 'dbt', 'action': 'invocation', 'label': 'end', 'context': [<snowplow_tracker.self_describing_json.SelfDescribingJson object at 0x0000029591D30F10>, <snowplow_tracker.self_describing_json.SelfDescribingJson object at 0x0000029593E0FDF0>, <snowplow_tracker.self_describing_json.SelfDescribingJson object at 0x00000295B607ED30>]}
[0m15:03:18.201676 [debug] [MainThread]: Flushing usage events
[0m15:03:19.530367 [debug] [MainThread]: An error was encountered while trying to flush usage events
[0m16:56:21.125629 [debug] [MainThread]: Sending event: {'category': 'dbt', 'action': 'invocation', 'label': 'start', 'context': [<snowplow_tracker.self_describing_json.SelfDescribingJson object at 0x0000020151AD0DF0>, <snowplow_tracker.self_describing_json.SelfDescribingJson object at 0x0000020153D6DD30>, <snowplow_tracker.self_describing_json.SelfDescribingJson object at 0x0000020153D6DF70>]}


============================== 16:56:21.128629 | 21f10a97-187d-4280-baa9-8fcbfed6aae9 ==============================
[0m16:56:21.128629 [info ] [MainThread]: Running with dbt=1.10.22
[0m16:56:21.129628 [debug] [MainThread]: running dbt with arguments {'fail_fast': 'False', 'debug': 'False', 'log_cache_events': 'False', 'send_anonymous_usage_stats': 'True', 'cache_selected_only': 'False', 'warn_error_options': 'WarnErrorOptionsV2(error=[], warn=[], silence=[])', 'log_format': 'default', 'invocation_command': 'dbt run', 'version_check': 'True', 'empty': 'False', 'printer_width': '80', 'quiet': 'False', 'introspect': 'True', 'partial_parse': 'True', 'warn_error': 'None', 'write_json': 'True', 'log_path': 'D:\\Software\\databuildtool\\joy_dbt_project\\logs', 'no_print': 'None', 'target_path': 'None', 'static_parser': 'True', 'profiles_dir': 'D:\\Software\\databuildtool\\joy_dbt_project', 'use_experimental_parser': 'False', 'use_colors': 'True', 'indirect_selection': 'eager'}
[0m16:56:21.616250 [debug] [MainThread]: Spark adapter: Setting pyhive.hive logging to ERROR
[0m16:56:21.616250 [debug] [MainThread]: Spark adapter: Setting thrift.transport logging to ERROR
[0m16:56:21.617250 [debug] [MainThread]: Spark adapter: Setting thrift.protocol logging to ERROR
[0m16:56:22.150272 [debug] [MainThread]: Sending event: {'category': 'dbt', 'action': 'project_id', 'label': '21f10a97-187d-4280-baa9-8fcbfed6aae9', 'context': [<snowplow_tracker.self_describing_json.SelfDescribingJson object at 0x0000020153D6DF10>]}
[0m16:56:22.192548 [debug] [MainThread]: Sending event: {'category': 'dbt', 'action': 'adapter_info', 'label': '21f10a97-187d-4280-baa9-8fcbfed6aae9', 'context': [<snowplow_tracker.self_describing_json.SelfDescribingJson object at 0x000002015516A6A0>]}
[0m16:56:22.193549 [info ] [MainThread]: Registered adapter: databricks=1.10.9
[0m16:56:22.395200 [debug] [MainThread]: checksum: 04c83ee057a648a2f8e380c895ffead170732fa039f068d62b9d36aaeefaf7cc, vars: {}, profile: , target: , version: 1.10.22
[0m16:56:22.506735 [info ] [MainThread]: Unable to do partial parsing because config vars, config profile, or config target have changed
[0m16:56:22.507735 [debug] [MainThread]: previous checksum: 04c83ee057a648a2f8e380c895ffead170732fa039f068d62b9d36aaeefaf7cc, current checksum: bf265a7c0c2ed5fdf5e7cf833b7259242a36b70c18b3aadb2d6a23dca375f4e8
[0m16:56:22.507735 [debug] [MainThread]: Sending event: {'category': 'dbt', 'action': 'partial_parser', 'label': '21f10a97-187d-4280-baa9-8fcbfed6aae9', 'context': [<snowplow_tracker.self_describing_json.SelfDescribingJson object at 0x0000020152EE2730>]}
[0m16:56:23.617108 [warn ] [MainThread]: [[33mWARNING[0m]: Configuration paths exist in your dbt_project.yml file which do not apply to any resources.
There are 1 unused configuration paths:
- models.Joy_dbt_project.bronze
[0m16:56:23.626226 [debug] [MainThread]: Sending event: {'category': 'dbt', 'action': 'load_project', 'label': '21f10a97-187d-4280-baa9-8fcbfed6aae9', 'context': [<snowplow_tracker.self_describing_json.SelfDescribingJson object at 0x000002017784AEE0>]}
[0m16:56:23.743055 [debug] [MainThread]: Wrote artifact WritableManifest to D:\Software\databuildtool\joy_dbt_project\target\manifest.json
[0m16:56:23.745194 [debug] [MainThread]: Wrote artifact SemanticManifest to D:\Software\databuildtool\joy_dbt_project\target\semantic_manifest.json
[0m16:56:23.752038 [debug] [MainThread]: Sending event: {'category': 'dbt', 'action': 'resource_counts', 'label': '21f10a97-187d-4280-baa9-8fcbfed6aae9', 'context': [<snowplow_tracker.self_describing_json.SelfDescribingJson object at 0x000002017783E610>]}
[0m16:56:23.753038 [info ] [MainThread]: Found 2 models, 6 sources, 698 macros
[0m16:56:23.753038 [debug] [MainThread]: Sending event: {'category': 'dbt', 'action': 'runnable_timing', 'label': '21f10a97-187d-4280-baa9-8fcbfed6aae9', 'context': [<snowplow_tracker.self_describing_json.SelfDescribingJson object at 0x000002017784E400>]}
[0m16:56:23.755074 [info ] [MainThread]: 
[0m16:56:23.755074 [info ] [MainThread]: Concurrency: 1 threads (target='dev')
[0m16:56:23.755074 [info ] [MainThread]: 
[0m16:56:23.756547 [debug] [MainThread]: Databricks adapter: DatabricksDBTConnection(session-id=None, name=master) - Creating connection
[0m16:56:23.756547 [debug] [MainThread]: Acquiring new databricks connection 'master'
[0m16:56:23.762557 [debug] [ThreadPool]: Databricks adapter: DatabricksDBTConnection(session-id=None, name=list_dbt_dev) - Creating connection
[0m16:56:23.762557 [debug] [ThreadPool]: Acquiring new databricks connection 'list_dbt_dev'
[0m16:56:23.763982 [debug] [ThreadPool]: Using databricks connection "list_dbt_dev"
[0m16:56:23.763982 [debug] [ThreadPool]: On list_dbt_dev: GetSchemas(database=dbt_dev, schema=None)
[0m16:56:23.763982 [debug] [ThreadPool]: Opening a new connection, currently in state init
[0m16:56:26.765647 [debug] [ThreadPool]: Databricks adapter: Connection(session-id=01f181d2-5858-1a78-8aee-69d590538137) - Created
[0m16:57:28.800544 [debug] [ThreadPool]: SQL status: OK in 65.040 seconds
[0m16:57:28.802560 [debug] [ThreadPool]: Databricks adapter: Cursor(session-id=01f181d2-5858-1a78-8aee-69d590538137, command-id=01f181d2-7d5d-15c1-b432-bb2226f5d0e5) - Closing
[0m16:57:28.804547 [debug] [ThreadPool]: On list_dbt_dev: Close
[0m16:57:28.805546 [debug] [ThreadPool]: Databricks adapter: Connection(session-id=01f181d2-5858-1a78-8aee-69d590538137) - Closing
[0m16:57:29.161277 [debug] [ThreadPool]: Databricks adapter: DatabricksDBTConnection(session-id=None, name=list_dbt_dev_default) - Creating connection
[0m16:57:29.162772 [debug] [ThreadPool]: Acquiring new databricks connection 'list_dbt_dev_default'
[0m16:57:29.175750 [debug] [ThreadPool]: Using databricks connection "list_dbt_dev_default"
[0m16:57:29.176749 [debug] [ThreadPool]: On list_dbt_dev_default: /* {"app": "dbt", "dbt_version": "1.10.22", "dbt_databricks_version": "1.10.9", "databricks_sql_connector_version": "4.3.0", "profile_name": "Joy_dbt_project", "target_name": "dev", "connection_name": "list_dbt_dev_default"} */

    
SELECT
  table_name,
  if(table_type IN ('EXTERNAL', 'MANAGED', 'MANAGED_SHALLOW_CLONE', 'EXTERNAL_SHALLOW_CLONE'), 'table', lower(table_type)) AS table_type,
  lower(data_source_format) AS file_format,
  table_owner,
  if(
    table_type IN (
      'EXTERNAL',
      'MANAGED',
      'MANAGED_SHALLOW_CLONE',
      'EXTERNAL_SHALLOW_CLONE'
    ),
    lower(table_type),
    NULL
  ) AS databricks_table_type
FROM `system`.`information_schema`.`tables`
WHERE table_catalog = 'dbt_dev' 
  AND table_schema = 'default'

  
[0m16:57:29.176749 [debug] [ThreadPool]: Opening a new connection, currently in state init
[0m16:57:30.401239 [debug] [ThreadPool]: Databricks adapter: Connection(session-id=01f181d2-7f1d-10b9-bdb8-735577f7ee73) - Created
[0m16:57:34.487280 [debug] [ThreadPool]: SQL status: OK in 5.310 seconds
[0m16:57:34.491477 [debug] [ThreadPool]: Databricks adapter: Cursor(session-id=01f181d2-7f1d-10b9-bdb8-735577f7ee73, command-id=01f181d2-7f4e-1f5a-8ba0-af6dc5df070d) - Closing
[0m16:57:34.492489 [debug] [ThreadPool]: On list_dbt_dev_default: Close
[0m16:57:34.492489 [debug] [ThreadPool]: Databricks adapter: Connection(session-id=01f181d2-7f1d-10b9-bdb8-735577f7ee73) - Closing
[0m16:57:34.813374 [debug] [MainThread]: Sending event: {'category': 'dbt', 'action': 'runnable_timing', 'label': '21f10a97-187d-4280-baa9-8fcbfed6aae9', 'context': [<snowplow_tracker.self_describing_json.SelfDescribingJson object at 0x0000020150A17E20>]}
[0m16:57:34.846046 [debug] [Thread-3  ]: Began running node model.Joy_dbt_project.bronze_customer
[0m16:57:34.847046 [info ] [Thread-3  ]: 1 of 2 START sql view model default.bronze_customer ............................ [RUN]
[0m16:57:34.847046 [debug] [Thread-3  ]: Databricks adapter: DatabricksDBTConnection(session-id=None, name=model.Joy_dbt_project.bronze_customer) - Creating connection
[0m16:57:34.848321 [debug] [Thread-3  ]: Acquiring new databricks connection 'model.Joy_dbt_project.bronze_customer'
[0m16:57:34.848321 [debug] [Thread-3  ]: Began compiling node model.Joy_dbt_project.bronze_customer
[0m16:57:34.863735 [debug] [Thread-3  ]: Writing injected SQL for node "model.Joy_dbt_project.bronze_customer"
[0m16:57:34.864720 [debug] [Thread-3  ]: Began executing node model.Joy_dbt_project.bronze_customer
[0m16:57:34.877581 [debug] [Thread-3  ]: MATERIALIZING VIEW
[0m16:57:34.879587 [warn ] [Thread-3  ]: [[33mWARNING[0m]: Use revamped materializations based on separating create and insert.  This allows more performant column comments, as well as new column features.
You may opt into the new behavior sooner by setting `flags.use_materialization_v2` to `True` in `dbt_project.yml`.
Visit https://docs.getdbt.com/reference/global-configs/behavior-changes for more information.
[0m16:57:34.880602 [debug] [Thread-3  ]: Sending event: {'category': 'dbt', 'action': 'BehaviorChangeEvent', 'label': '21f10a97-187d-4280-baa9-8fcbfed6aae9', 'context': [<snowplow_tracker.self_describing_json.SelfDescribingJson object at 0x00000201774FEAF0>]}
[0m16:57:34.891383 [debug] [Thread-3  ]: Creating view `dbt_dev`.`default`.`bronze_customer`
[0m16:57:34.897443 [debug] [Thread-3  ]: Writing runtime sql for node "model.Joy_dbt_project.bronze_customer"
[0m16:57:34.898443 [debug] [Thread-3  ]: Using databricks connection "model.Joy_dbt_project.bronze_customer"
[0m16:57:34.899444 [debug] [Thread-3  ]: On model.Joy_dbt_project.bronze_customer: /* {"app": "dbt", "dbt_version": "1.10.22", "dbt_databricks_version": "1.10.9", "databricks_sql_connector_version": "4.3.0", "profile_name": "Joy_dbt_project", "target_name": "dev", "node_id": "model.Joy_dbt_project.bronze_customer"} */

  
  
  create or replace view `dbt_dev`.`default`.`bronze_customer`
  
  as (
    Select * from `dbt_dev`.`source`.`dim_customer`
  )

[0m16:57:34.899444 [debug] [Thread-3  ]: Opening a new connection, currently in state init
[0m16:57:36.042271 [debug] [Thread-3  ]: Databricks adapter: Connection(session-id=01f181d2-827c-137e-892c-b132f7376a1b) - Created
[0m16:57:40.038026 [debug] [Thread-3  ]: SQL status: OK in 5.140 seconds
[0m16:57:40.040533 [debug] [Thread-3  ]: Databricks adapter: Cursor(session-id=01f181d2-827c-137e-892c-b132f7376a1b, command-id=01f181d2-82ab-16a5-9f25-06c09fc4a191) - Closing
[0m16:57:40.053770 [debug] [Thread-3  ]: Applying tags to relation None
[0m16:57:40.055785 [debug] [Thread-3  ]: On model.Joy_dbt_project.bronze_customer: Close
[0m16:57:40.056770 [debug] [Thread-3  ]: Databricks adapter: Connection(session-id=01f181d2-827c-137e-892c-b132f7376a1b) - Closing
[0m16:57:40.395704 [debug] [Thread-3  ]: Sending event: {'category': 'dbt', 'action': 'run_model', 'label': '21f10a97-187d-4280-baa9-8fcbfed6aae9', 'context': [<snowplow_tracker.self_describing_json.SelfDescribingJson object at 0x0000020177433310>]}
[0m16:57:40.396686 [info ] [Thread-3  ]: 1 of 2 OK created sql view model default.bronze_customer ....................... [[32mOK[0m in 5.55s]
[0m16:57:40.397685 [debug] [Thread-3  ]: Finished running node model.Joy_dbt_project.bronze_customer
[0m16:57:40.399196 [debug] [Thread-3  ]: Began running node model.Joy_dbt_project.bronze_sale
[0m16:57:40.400205 [info ] [Thread-3  ]: 2 of 2 START sql view model default.bronze_sale ................................ [RUN]
[0m16:57:40.400205 [debug] [Thread-3  ]: Databricks adapter: DatabricksDBTConnection(session-id=None, name=model.Joy_dbt_project.bronze_sale) - Creating connection
[0m16:57:40.401205 [debug] [Thread-3  ]: Acquiring new databricks connection 'model.Joy_dbt_project.bronze_sale'
[0m16:57:40.401205 [debug] [Thread-3  ]: Began compiling node model.Joy_dbt_project.bronze_sale
[0m16:57:40.408341 [debug] [Thread-3  ]: Writing injected SQL for node "model.Joy_dbt_project.bronze_sale"
[0m16:57:40.409325 [debug] [Thread-3  ]: Began executing node model.Joy_dbt_project.bronze_sale
[0m16:57:40.411667 [debug] [Thread-3  ]: MATERIALIZING VIEW
[0m16:57:40.412684 [debug] [Thread-3  ]: Creating view `dbt_dev`.`default`.`bronze_sale`
[0m16:57:40.413686 [debug] [Thread-3  ]: Writing runtime sql for node "model.Joy_dbt_project.bronze_sale"
[0m16:57:40.414687 [debug] [Thread-3  ]: Using databricks connection "model.Joy_dbt_project.bronze_sale"
[0m16:57:40.415668 [debug] [Thread-3  ]: On model.Joy_dbt_project.bronze_sale: /* {"app": "dbt", "dbt_version": "1.10.22", "dbt_databricks_version": "1.10.9", "databricks_sql_connector_version": "4.3.0", "profile_name": "Joy_dbt_project", "target_name": "dev", "node_id": "model.Joy_dbt_project.bronze_sale"} */

  
  
  create or replace view `dbt_dev`.`default`.`bronze_sale`
  
  as (
    Select * from `dbt_dev`.`source`.`fact_sales`
  )

[0m16:57:40.415668 [debug] [Thread-3  ]: Opening a new connection, currently in state init
[0m16:57:41.602392 [debug] [Thread-3  ]: Databricks adapter: Connection(session-id=01f181d2-85c9-1142-84e0-770a03b280aa) - Created
[0m16:57:43.163114 [debug] [Thread-3  ]: SQL status: OK in 2.750 seconds
[0m16:57:43.165262 [debug] [Thread-3  ]: Databricks adapter: Cursor(session-id=01f181d2-85c9-1142-84e0-770a03b280aa, command-id=01f181d2-85fc-1b15-baf8-9a77ed707081) - Closing
[0m16:57:43.165262 [debug] [Thread-3  ]: Applying tags to relation None
[0m16:57:43.166327 [debug] [Thread-3  ]: On model.Joy_dbt_project.bronze_sale: Close
[0m16:57:43.167339 [debug] [Thread-3  ]: Databricks adapter: Connection(session-id=01f181d2-85c9-1142-84e0-770a03b280aa) - Closing
[0m16:57:43.490342 [debug] [Thread-3  ]: Sending event: {'category': 'dbt', 'action': 'run_model', 'label': '21f10a97-187d-4280-baa9-8fcbfed6aae9', 'context': [<snowplow_tracker.self_describing_json.SelfDescribingJson object at 0x000002017746AC40>]}
[0m16:57:43.491342 [info ] [Thread-3  ]: 2 of 2 OK created sql view model default.bronze_sale ........................... [[32mOK[0m in 3.09s]
[0m16:57:43.492550 [debug] [Thread-3  ]: Finished running node model.Joy_dbt_project.bronze_sale
[0m16:57:43.492550 [debug] [MainThread]: Databricks adapter: DatabricksDBTConnection(session-id=None, name=master) - Creating connection
[0m16:57:43.493728 [debug] [MainThread]: Acquiring new databricks connection 'master'
[0m16:57:43.493728 [info ] [MainThread]: 
[0m16:57:43.494732 [info ] [MainThread]: Finished running 2 view models in 0 hours 1 minutes and 19.74 seconds (79.74s).
[0m16:57:43.495732 [debug] [MainThread]: Command end result
[0m16:57:43.518009 [debug] [MainThread]: Wrote artifact WritableManifest to D:\Software\databuildtool\joy_dbt_project\target\manifest.json
[0m16:57:43.521680 [debug] [MainThread]: Wrote artifact SemanticManifest to D:\Software\databuildtool\joy_dbt_project\target\semantic_manifest.json
[0m16:57:43.526652 [debug] [MainThread]: Wrote artifact RunExecutionResult to D:\Software\databuildtool\joy_dbt_project\target\run_results.json
[0m16:57:43.527945 [info ] [MainThread]: 
[0m16:57:43.527945 [info ] [MainThread]: [32mCompleted successfully[0m
[0m16:57:43.529238 [info ] [MainThread]: 
[0m16:57:43.529238 [info ] [MainThread]: Done. PASS=2 WARN=0 ERROR=0 SKIP=0 NO-OP=0 TOTAL=2
[0m16:57:43.531291 [debug] [MainThread]: Command `dbt run` succeeded at 16:57:43.530244 after 82.47 seconds
[0m16:57:43.531291 [debug] [MainThread]: Sending event: {'category': 'dbt', 'action': 'invocation', 'label': 'end', 'context': [<snowplow_tracker.self_describing_json.SelfDescribingJson object at 0x0000020151AD0DF0>, <snowplow_tracker.self_describing_json.SelfDescribingJson object at 0x0000020153D6DF10>, <snowplow_tracker.self_describing_json.SelfDescribingJson object at 0x000002015516A6A0>]}
[0m16:57:43.531291 [debug] [MainThread]: Flushing usage events
[0m16:57:44.671658 [debug] [MainThread]: An error was encountered while trying to flush usage events
[0m20:38:23.665935 [debug] [MainThread]: Sending event: {'category': 'dbt', 'action': 'invocation', 'label': 'start', 'context': [<snowplow_tracker.self_describing_json.SelfDescribingJson object at 0x000001D482E00E50>, <snowplow_tracker.self_describing_json.SelfDescribingJson object at 0x000001D48509DC10>, <snowplow_tracker.self_describing_json.SelfDescribingJson object at 0x000001D48509DE80>]}


============================== 20:38:23.672944 | 3478046a-b178-45d0-b1c0-ccae9dc9b6c2 ==============================
[0m20:38:23.672944 [info ] [MainThread]: Running with dbt=1.10.22
[0m20:38:23.673956 [debug] [MainThread]: running dbt with arguments {'debug': 'False', 'fail_fast': 'False', 'log_cache_events': 'False', 'send_anonymous_usage_stats': 'True', 'warn_error_options': 'WarnErrorOptionsV2(error=[], warn=[], silence=[])', 'cache_selected_only': 'False', 'no_print': 'None', 'invocation_command': 'dbt run', 'version_check': 'True', 'empty': 'False', 'printer_width': '80', 'partial_parse': 'True', 'introspect': 'True', 'log_path': 'D:\\Software\\databuildtool\\joy_dbt_project\\logs', 'warn_error': 'None', 'write_json': 'True', 'quiet': 'False', 'target_path': 'None', 'log_format': 'default', 'static_parser': 'True', 'profiles_dir': 'D:\\Software\\databuildtool\\joy_dbt_project', 'use_experimental_parser': 'False', 'use_colors': 'True', 'indirect_selection': 'eager'}
[0m20:38:26.739585 [debug] [MainThread]: Spark adapter: Setting pyhive.hive logging to ERROR
[0m20:38:26.739585 [debug] [MainThread]: Spark adapter: Setting thrift.transport logging to ERROR
[0m20:38:26.740587 [debug] [MainThread]: Spark adapter: Setting thrift.protocol logging to ERROR
[0m20:38:28.765255 [debug] [MainThread]: Sending event: {'category': 'dbt', 'action': 'project_id', 'label': '3478046a-b178-45d0-b1c0-ccae9dc9b6c2', 'context': [<snowplow_tracker.self_describing_json.SelfDescribingJson object at 0x000001D48509DDF0>]}
[0m20:38:28.805423 [debug] [MainThread]: Sending event: {'category': 'dbt', 'action': 'adapter_info', 'label': '3478046a-b178-45d0-b1c0-ccae9dc9b6c2', 'context': [<snowplow_tracker.self_describing_json.SelfDescribingJson object at 0x000001D486533FD0>]}
[0m20:38:28.806421 [info ] [MainThread]: Registered adapter: databricks=1.10.9
[0m20:38:29.223901 [debug] [MainThread]: checksum: 04c83ee057a648a2f8e380c895ffead170732fa039f068d62b9d36aaeefaf7cc, vars: {}, profile: , target: , version: 1.10.22
[0m20:38:29.336262 [info ] [MainThread]: Unable to do partial parsing because config vars, config profile, or config target have changed
[0m20:38:29.336262 [debug] [MainThread]: previous checksum: 04c83ee057a648a2f8e380c895ffead170732fa039f068d62b9d36aaeefaf7cc, current checksum: bf265a7c0c2ed5fdf5e7cf833b7259242a36b70c18b3aadb2d6a23dca375f4e8
[0m20:38:29.337262 [debug] [MainThread]: Sending event: {'category': 'dbt', 'action': 'partial_parser', 'label': '3478046a-b178-45d0-b1c0-ccae9dc9b6c2', 'context': [<snowplow_tracker.self_describing_json.SelfDescribingJson object at 0x000001D484184A30>]}
[0m20:38:30.504813 [warn ] [MainThread]: [[33mWARNING[0m]: Configuration paths exist in your dbt_project.yml file which do not apply to any resources.
There are 1 unused configuration paths:
- models.Joy_dbt_project.bronze
[0m20:38:30.512784 [debug] [MainThread]: Sending event: {'category': 'dbt', 'action': 'load_project', 'label': '3478046a-b178-45d0-b1c0-ccae9dc9b6c2', 'context': [<snowplow_tracker.self_describing_json.SelfDescribingJson object at 0x000001D4A8BFA130>]}
[0m20:38:30.630200 [debug] [MainThread]: Wrote artifact WritableManifest to D:\Software\databuildtool\joy_dbt_project\target\manifest.json
[0m20:38:30.657729 [debug] [MainThread]: Wrote artifact SemanticManifest to D:\Software\databuildtool\joy_dbt_project\target\semantic_manifest.json
[0m20:38:30.669137 [debug] [MainThread]: Sending event: {'category': 'dbt', 'action': 'resource_counts', 'label': '3478046a-b178-45d0-b1c0-ccae9dc9b6c2', 'context': [<snowplow_tracker.self_describing_json.SelfDescribingJson object at 0x000001D4A8B4AE50>]}
[0m20:38:30.670467 [info ] [MainThread]: Found 2 models, 6 sources, 698 macros
[0m20:38:30.670467 [debug] [MainThread]: Sending event: {'category': 'dbt', 'action': 'runnable_timing', 'label': '3478046a-b178-45d0-b1c0-ccae9dc9b6c2', 'context': [<snowplow_tracker.self_describing_json.SelfDescribingJson object at 0x000001D4A8B4C9D0>]}
[0m20:38:30.671473 [info ] [MainThread]: 
[0m20:38:30.672474 [info ] [MainThread]: Concurrency: 1 threads (target='dev')
[0m20:38:30.672474 [info ] [MainThread]: 
[0m20:38:30.673472 [debug] [MainThread]: Databricks adapter: DatabricksDBTConnection(session-id=None, name=master) - Creating connection
[0m20:38:30.673472 [debug] [MainThread]: Acquiring new databricks connection 'master'
[0m20:38:30.679497 [debug] [ThreadPool]: Databricks adapter: DatabricksDBTConnection(session-id=None, name=list_dbt_dev) - Creating connection
[0m20:38:30.679497 [debug] [ThreadPool]: Acquiring new databricks connection 'list_dbt_dev'
[0m20:38:30.680526 [debug] [ThreadPool]: Using databricks connection "list_dbt_dev"
[0m20:38:30.680526 [debug] [ThreadPool]: On list_dbt_dev: GetSchemas(database=dbt_dev, schema=None)
[0m20:38:30.680526 [debug] [ThreadPool]: Opening a new connection, currently in state init
[0m20:38:35.219184 [debug] [ThreadPool]: Databricks adapter: Connection(session-id=01f181f1-5fa2-18e9-b9d6-2658ec1768bd) - Created
[0m20:39:36.949761 [debug] [ThreadPool]: SQL status: OK in 66.270 seconds
[0m20:39:36.950763 [debug] [ThreadPool]: Databricks adapter: Cursor(session-id=01f181f1-5fa2-18e9-b9d6-2658ec1768bd, command-id=01f181f1-85a9-112c-b647-3fcc621709bb) - Closing
[0m20:39:36.951762 [debug] [ThreadPool]: On list_dbt_dev: Close
[0m20:39:36.951762 [debug] [ThreadPool]: Databricks adapter: Connection(session-id=01f181f1-5fa2-18e9-b9d6-2658ec1768bd) - Closing
[0m20:39:37.291721 [debug] [ThreadPool]: Databricks adapter: DatabricksDBTConnection(session-id=None, name=list_dbt_dev_default) - Creating connection
[0m20:39:37.292721 [debug] [ThreadPool]: Acquiring new databricks connection 'list_dbt_dev_default'
[0m20:39:37.300722 [debug] [ThreadPool]: Using databricks connection "list_dbt_dev_default"
[0m20:39:37.301743 [debug] [ThreadPool]: On list_dbt_dev_default: /* {"app": "dbt", "dbt_version": "1.10.22", "dbt_databricks_version": "1.10.9", "databricks_sql_connector_version": "4.3.0", "profile_name": "Joy_dbt_project", "target_name": "dev", "connection_name": "list_dbt_dev_default"} */

    
SELECT
  table_name,
  if(table_type IN ('EXTERNAL', 'MANAGED', 'MANAGED_SHALLOW_CLONE', 'EXTERNAL_SHALLOW_CLONE'), 'table', lower(table_type)) AS table_type,
  lower(data_source_format) AS file_format,
  table_owner,
  if(
    table_type IN (
      'EXTERNAL',
      'MANAGED',
      'MANAGED_SHALLOW_CLONE',
      'EXTERNAL_SHALLOW_CLONE'
    ),
    lower(table_type),
    NULL
  ) AS databricks_table_type
FROM `system`.`information_schema`.`tables`
WHERE table_catalog = 'dbt_dev' 
  AND table_schema = 'default'

  
[0m20:39:37.301743 [debug] [ThreadPool]: Opening a new connection, currently in state init
[0m20:39:38.558156 [debug] [ThreadPool]: Databricks adapter: Connection(session-id=01f181f1-873f-1b6f-9e9f-af35f31d70ca) - Created
[0m20:39:41.075430 [debug] [ThreadPool]: SQL status: OK in 3.770 seconds
[0m20:39:41.084426 [debug] [ThreadPool]: Databricks adapter: Cursor(session-id=01f181f1-873f-1b6f-9e9f-af35f31d70ca, command-id=01f181f1-8772-1208-af4c-8e0858c1fc0c) - Closing
[0m20:39:41.085425 [debug] [ThreadPool]: On list_dbt_dev_default: Close
[0m20:39:41.085425 [debug] [ThreadPool]: Databricks adapter: Connection(session-id=01f181f1-873f-1b6f-9e9f-af35f31d70ca) - Closing
[0m20:39:41.429487 [debug] [MainThread]: Sending event: {'category': 'dbt', 'action': 'runnable_timing', 'label': '3478046a-b178-45d0-b1c0-ccae9dc9b6c2', 'context': [<snowplow_tracker.self_describing_json.SelfDescribingJson object at 0x000001D4878F8A60>]}
[0m20:39:41.433486 [debug] [Thread-3  ]: Began running node model.Joy_dbt_project.bronze_customer
[0m20:39:41.433486 [info ] [Thread-3  ]: 1 of 2 START sql view model default.bronze_customer ............................ [RUN]
[0m20:39:41.434486 [debug] [Thread-3  ]: Databricks adapter: DatabricksDBTConnection(session-id=None, name=model.Joy_dbt_project.bronze_customer) - Creating connection
[0m20:39:41.434486 [debug] [Thread-3  ]: Acquiring new databricks connection 'model.Joy_dbt_project.bronze_customer'
[0m20:39:41.435487 [debug] [Thread-3  ]: Began compiling node model.Joy_dbt_project.bronze_customer
[0m20:39:41.440485 [debug] [Thread-3  ]: Writing injected SQL for node "model.Joy_dbt_project.bronze_customer"
[0m20:39:41.441499 [debug] [Thread-3  ]: Began executing node model.Joy_dbt_project.bronze_customer
[0m20:39:41.451794 [debug] [Thread-3  ]: MATERIALIZING VIEW
[0m20:39:41.453780 [warn ] [Thread-3  ]: [[33mWARNING[0m]: Use revamped materializations based on separating create and insert.  This allows more performant column comments, as well as new column features.
You may opt into the new behavior sooner by setting `flags.use_materialization_v2` to `True` in `dbt_project.yml`.
Visit https://docs.getdbt.com/reference/global-configs/behavior-changes for more information.
[0m20:39:41.453780 [debug] [Thread-3  ]: Sending event: {'category': 'dbt', 'action': 'BehaviorChangeEvent', 'label': '3478046a-b178-45d0-b1c0-ccae9dc9b6c2', 'context': [<snowplow_tracker.self_describing_json.SelfDescribingJson object at 0x000001D4A87DB700>]}
[0m20:39:41.464780 [debug] [Thread-3  ]: Creating view `dbt_dev`.`default`.`bronze_customer`
[0m20:39:41.470842 [debug] [Thread-3  ]: Writing runtime sql for node "model.Joy_dbt_project.bronze_customer"
[0m20:39:41.471841 [debug] [Thread-3  ]: Using databricks connection "model.Joy_dbt_project.bronze_customer"
[0m20:39:41.473016 [debug] [Thread-3  ]: On model.Joy_dbt_project.bronze_customer: /* {"app": "dbt", "dbt_version": "1.10.22", "dbt_databricks_version": "1.10.9", "databricks_sql_connector_version": "4.3.0", "profile_name": "Joy_dbt_project", "target_name": "dev", "node_id": "model.Joy_dbt_project.bronze_customer"} */

  
  
  create or replace view `dbt_dev`.`default`.`bronze_customer`
  
  as (
    Select * from `dbt_dev`.`source`.`dim_customer`
  )

[0m20:39:41.473016 [debug] [Thread-3  ]: Opening a new connection, currently in state init
[0m20:39:42.823295 [debug] [Thread-3  ]: Databricks adapter: Connection(session-id=01f181f1-89c8-151c-8690-84eebe5dbdae) - Created
[0m20:39:46.191342 [debug] [Thread-3  ]: SQL status: OK in 4.720 seconds
[0m20:39:46.192341 [debug] [Thread-3  ]: Databricks adapter: Cursor(session-id=01f181f1-89c8-151c-8690-84eebe5dbdae, command-id=01f181f1-89fb-1507-85d9-ef6f8fd378f3) - Closing
[0m20:39:46.199470 [debug] [Thread-3  ]: Applying tags to relation None
[0m20:39:46.201471 [debug] [Thread-3  ]: On model.Joy_dbt_project.bronze_customer: Close
[0m20:39:46.201471 [debug] [Thread-3  ]: Databricks adapter: Connection(session-id=01f181f1-89c8-151c-8690-84eebe5dbdae) - Closing
[0m20:39:46.539288 [debug] [Thread-3  ]: Sending event: {'category': 'dbt', 'action': 'run_model', 'label': '3478046a-b178-45d0-b1c0-ccae9dc9b6c2', 'context': [<snowplow_tracker.self_describing_json.SelfDescribingJson object at 0x000001D4A86B4E20>]}
[0m20:39:46.540292 [info ] [Thread-3  ]: 1 of 2 OK created sql view model default.bronze_customer ....................... [[32mOK[0m in 5.10s]
[0m20:39:46.541287 [debug] [Thread-3  ]: Finished running node model.Joy_dbt_project.bronze_customer
[0m20:39:46.541287 [debug] [Thread-3  ]: Began running node model.Joy_dbt_project.bronze_sale
[0m20:39:46.542287 [info ] [Thread-3  ]: 2 of 2 START sql view model default.bronze_sale ................................ [RUN]
[0m20:39:46.543288 [debug] [Thread-3  ]: Databricks adapter: DatabricksDBTConnection(session-id=None, name=model.Joy_dbt_project.bronze_sale) - Creating connection
[0m20:39:46.543288 [debug] [Thread-3  ]: Acquiring new databricks connection 'model.Joy_dbt_project.bronze_sale'
[0m20:39:46.544298 [debug] [Thread-3  ]: Began compiling node model.Joy_dbt_project.bronze_sale
[0m20:39:46.546302 [debug] [Thread-3  ]: Writing injected SQL for node "model.Joy_dbt_project.bronze_sale"
[0m20:39:46.547290 [debug] [Thread-3  ]: Began executing node model.Joy_dbt_project.bronze_sale
[0m20:39:46.548795 [debug] [Thread-3  ]: MATERIALIZING VIEW
[0m20:39:46.549806 [debug] [Thread-3  ]: Creating view `dbt_dev`.`default`.`bronze_sale`
[0m20:39:46.550806 [debug] [Thread-3  ]: Writing runtime sql for node "model.Joy_dbt_project.bronze_sale"
[0m20:39:46.551807 [debug] [Thread-3  ]: Using databricks connection "model.Joy_dbt_project.bronze_sale"
[0m20:39:46.551807 [debug] [Thread-3  ]: On model.Joy_dbt_project.bronze_sale: /* {"app": "dbt", "dbt_version": "1.10.22", "dbt_databricks_version": "1.10.9", "databricks_sql_connector_version": "4.3.0", "profile_name": "Joy_dbt_project", "target_name": "dev", "node_id": "model.Joy_dbt_project.bronze_sale"} */

  
  
  create or replace view `dbt_dev`.`default`.`bronze_sale`
  
  as (
    Select * from `dbt_dev`.`source`.`fact_sales`
  )

[0m20:39:46.551807 [debug] [Thread-3  ]: Opening a new connection, currently in state init
[0m20:39:48.816740 [debug] [Thread-3  ]: Databricks adapter: Connection(session-id=01f181f1-8d35-1b40-a2d2-db83fa0807b4) - Created
[0m20:39:50.414939 [debug] [Thread-3  ]: SQL status: OK in 3.860 seconds
[0m20:39:50.416933 [debug] [Thread-3  ]: Databricks adapter: Cursor(session-id=01f181f1-8d35-1b40-a2d2-db83fa0807b4, command-id=01f181f1-8d8d-1d7b-9acb-5b1f186671f7) - Closing
[0m20:39:50.416933 [debug] [Thread-3  ]: Applying tags to relation None
[0m20:39:50.417933 [debug] [Thread-3  ]: On model.Joy_dbt_project.bronze_sale: Close
[0m20:39:50.418931 [debug] [Thread-3  ]: Databricks adapter: Connection(session-id=01f181f1-8d35-1b40-a2d2-db83fa0807b4) - Closing
[0m20:39:50.736281 [debug] [Thread-3  ]: Sending event: {'category': 'dbt', 'action': 'run_model', 'label': '3478046a-b178-45d0-b1c0-ccae9dc9b6c2', 'context': [<snowplow_tracker.self_describing_json.SelfDescribingJson object at 0x000001D4864B2910>]}
[0m20:39:50.737278 [info ] [Thread-3  ]: 2 of 2 OK created sql view model default.bronze_sale ........................... [[32mOK[0m in 4.19s]
[0m20:39:50.738280 [debug] [Thread-3  ]: Finished running node model.Joy_dbt_project.bronze_sale
[0m20:39:50.739277 [debug] [MainThread]: Databricks adapter: DatabricksDBTConnection(session-id=None, name=master) - Creating connection
[0m20:39:50.739277 [debug] [MainThread]: Acquiring new databricks connection 'master'
[0m20:39:50.740283 [info ] [MainThread]: 
[0m20:39:50.740283 [info ] [MainThread]: Finished running 2 view models in 0 hours 1 minutes and 20.07 seconds (80.07s).
[0m20:39:50.741280 [debug] [MainThread]: Command end result
[0m20:39:50.765448 [debug] [MainThread]: Wrote artifact WritableManifest to D:\Software\databuildtool\joy_dbt_project\target\manifest.json
[0m20:39:50.768447 [debug] [MainThread]: Wrote artifact SemanticManifest to D:\Software\databuildtool\joy_dbt_project\target\semantic_manifest.json
[0m20:39:50.772875 [debug] [MainThread]: Wrote artifact RunExecutionResult to D:\Software\databuildtool\joy_dbt_project\target\run_results.json
[0m20:39:50.772875 [info ] [MainThread]: 
[0m20:39:50.773884 [info ] [MainThread]: [32mCompleted successfully[0m
[0m20:39:50.773884 [info ] [MainThread]: 
[0m20:39:50.774882 [info ] [MainThread]: Done. PASS=2 WARN=0 ERROR=0 SKIP=0 NO-OP=0 TOTAL=2
[0m20:39:50.775883 [debug] [MainThread]: Command `dbt run` succeeded at 20:39:50.775883 after 87.21 seconds
[0m20:39:50.775883 [debug] [MainThread]: Sending event: {'category': 'dbt', 'action': 'invocation', 'label': 'end', 'context': [<snowplow_tracker.self_describing_json.SelfDescribingJson object at 0x000001D482E00E50>, <snowplow_tracker.self_describing_json.SelfDescribingJson object at 0x000001D48509DB50>, <snowplow_tracker.self_describing_json.SelfDescribingJson object at 0x000001D4841BB730>]}
[0m20:39:50.776883 [debug] [MainThread]: Flushing usage events
[0m20:39:51.969350 [debug] [MainThread]: An error was encountered while trying to flush usage events
[0m00:09:58.482160 [debug] [MainThread]: Sending event: {'category': 'dbt', 'action': 'invocation', 'label': 'start', 'context': [<snowplow_tracker.self_describing_json.SelfDescribingJson object at 0x0000023CD08A0E20>, <snowplow_tracker.self_describing_json.SelfDescribingJson object at 0x0000023CD2B3DD90>, <snowplow_tracker.self_describing_json.SelfDescribingJson object at 0x0000023CD2B3D070>]}


============================== 00:09:58.486158 | 9b59e085-3495-4cd3-b600-77117368a033 ==============================
[0m00:09:58.486158 [info ] [MainThread]: Running with dbt=1.10.22
[0m00:09:58.486726 [debug] [MainThread]: running dbt with arguments {'debug': 'False', 'fail_fast': 'False', 'log_cache_events': 'False', 'send_anonymous_usage_stats': 'True', 'warn_error_options': 'WarnErrorOptionsV2(error=[], warn=[], silence=[])', 'cache_selected_only': 'False', 'no_print': 'None', 'log_format': 'default', 'version_check': 'True', 'empty': 'False', 'printer_width': '80', 'quiet': 'False', 'log_path': 'D:\\Software\\databuildtool\\joy_dbt_project\\logs', 'partial_parse': 'True', 'warn_error': 'None', 'write_json': 'True', 'invocation_command': 'dbt run', 'introspect': 'True', 'target_path': 'None', 'static_parser': 'True', 'profiles_dir': 'D:\\Software\\databuildtool\\joy_dbt_project', 'use_experimental_parser': 'False', 'use_colors': 'True', 'indirect_selection': 'eager'}
[0m00:10:03.042316 [debug] [MainThread]: Spark adapter: Setting pyhive.hive logging to ERROR
[0m00:10:03.042316 [debug] [MainThread]: Spark adapter: Setting thrift.transport logging to ERROR
[0m00:10:03.043315 [debug] [MainThread]: Spark adapter: Setting thrift.protocol logging to ERROR
[0m00:10:05.876521 [debug] [MainThread]: Sending event: {'category': 'dbt', 'action': 'project_id', 'label': '9b59e085-3495-4cd3-b600-77117368a033', 'context': [<snowplow_tracker.self_describing_json.SelfDescribingJson object at 0x0000023CF4CC2E80>]}
[0m00:10:05.916540 [debug] [MainThread]: Sending event: {'category': 'dbt', 'action': 'adapter_info', 'label': '9b59e085-3495-4cd3-b600-77117368a033', 'context': [<snowplow_tracker.self_describing_json.SelfDescribingJson object at 0x0000023CF4B9A6D0>]}
[0m00:10:05.917526 [info ] [MainThread]: Registered adapter: databricks=1.10.9
[0m00:10:06.333993 [debug] [MainThread]: checksum: 04c83ee057a648a2f8e380c895ffead170732fa039f068d62b9d36aaeefaf7cc, vars: {}, profile: , target: , version: 1.10.22
[0m00:10:06.445014 [info ] [MainThread]: Unable to do partial parsing because config vars, config profile, or config target have changed
[0m00:10:06.446020 [debug] [MainThread]: previous checksum: 04c83ee057a648a2f8e380c895ffead170732fa039f068d62b9d36aaeefaf7cc, current checksum: bf265a7c0c2ed5fdf5e7cf833b7259242a36b70c18b3aadb2d6a23dca375f4e8
[0m00:10:06.447019 [debug] [MainThread]: Sending event: {'category': 'dbt', 'action': 'partial_parser', 'label': '9b59e085-3495-4cd3-b600-77117368a033', 'context': [<snowplow_tracker.self_describing_json.SelfDescribingJson object at 0x0000023CD3FEEA60>]}
[0m00:10:07.626608 [warn ] [MainThread]: [[33mWARNING[0m]: Configuration paths exist in your dbt_project.yml file which do not apply to any resources.
There are 3 unused configuration paths:
- models.Joy_dbt_project.gold
- models.Joy_dbt_project.silver
- models.Joy_dbt_project.bronze
[0m00:10:07.634120 [debug] [MainThread]: Sending event: {'category': 'dbt', 'action': 'load_project', 'label': '9b59e085-3495-4cd3-b600-77117368a033', 'context': [<snowplow_tracker.self_describing_json.SelfDescribingJson object at 0x0000023CF6602EB0>]}
[0m00:10:07.692124 [debug] [MainThread]: Wrote artifact WritableManifest to D:\Software\databuildtool\joy_dbt_project\target\manifest.json
[0m00:10:07.717714 [debug] [MainThread]: Wrote artifact SemanticManifest to D:\Software\databuildtool\joy_dbt_project\target\semantic_manifest.json
[0m00:10:07.798242 [debug] [MainThread]: Sending event: {'category': 'dbt', 'action': 'resource_counts', 'label': '9b59e085-3495-4cd3-b600-77117368a033', 'context': [<snowplow_tracker.self_describing_json.SelfDescribingJson object at 0x0000023CF657D2E0>]}
[0m00:10:07.799192 [info ] [MainThread]: Found 2 models, 6 sources, 699 macros
[0m00:10:07.799192 [debug] [MainThread]: Sending event: {'category': 'dbt', 'action': 'runnable_timing', 'label': '9b59e085-3495-4cd3-b600-77117368a033', 'context': [<snowplow_tracker.self_describing_json.SelfDescribingJson object at 0x0000023CF6575700>]}
[0m00:10:07.800140 [info ] [MainThread]: 
[0m00:10:07.801139 [info ] [MainThread]: Concurrency: 1 threads (target='dev')
[0m00:10:07.801139 [info ] [MainThread]: 
[0m00:10:07.802142 [debug] [MainThread]: Databricks adapter: DatabricksDBTConnection(session-id=None, name=master) - Creating connection
[0m00:10:07.802142 [debug] [MainThread]: Acquiring new databricks connection 'master'
[0m00:10:07.808140 [debug] [ThreadPool]: Databricks adapter: DatabricksDBTConnection(session-id=None, name=list_dbt_dev) - Creating connection
[0m00:10:07.808140 [debug] [ThreadPool]: Acquiring new databricks connection 'list_dbt_dev'
[0m00:10:07.809140 [debug] [ThreadPool]: Using databricks connection "list_dbt_dev"
[0m00:10:07.809140 [debug] [ThreadPool]: On list_dbt_dev: GetSchemas(database=dbt_dev, schema=None)
[0m00:10:07.809140 [debug] [ThreadPool]: Opening a new connection, currently in state init
[0m00:10:10.699247 [debug] [ThreadPool]: Databricks adapter: Connection(session-id=01f1820e-f014-1043-bab7-e50bfb04d2a2) - Created
[0m00:11:12.971962 [debug] [ThreadPool]: SQL status: OK in 65.160 seconds
[0m00:11:12.973963 [debug] [ThreadPool]: Databricks adapter: Cursor(session-id=01f1820e-f014-1043-bab7-e50bfb04d2a2, command-id=01f1820f-1505-1438-8027-344831a44a32) - Closing
[0m00:11:12.973963 [debug] [ThreadPool]: On list_dbt_dev: Close
[0m00:11:12.974962 [debug] [ThreadPool]: Databricks adapter: Connection(session-id=01f1820e-f014-1043-bab7-e50bfb04d2a2) - Closing
[0m00:11:13.348561 [debug] [ThreadPool]: Databricks adapter: DatabricksDBTConnection(session-id=None, name=list_dbt_dev_default) - Creating connection
[0m00:11:13.348561 [debug] [ThreadPool]: Acquiring new databricks connection 'list_dbt_dev_default'
[0m00:11:13.356829 [debug] [ThreadPool]: Using databricks connection "list_dbt_dev_default"
[0m00:11:13.357770 [debug] [ThreadPool]: On list_dbt_dev_default: /* {"app": "dbt", "dbt_version": "1.10.22", "dbt_databricks_version": "1.10.9", "databricks_sql_connector_version": "4.3.0", "profile_name": "Joy_dbt_project", "target_name": "dev", "connection_name": "list_dbt_dev_default"} */

    
SELECT
  table_name,
  if(table_type IN ('EXTERNAL', 'MANAGED', 'MANAGED_SHALLOW_CLONE', 'EXTERNAL_SHALLOW_CLONE'), 'table', lower(table_type)) AS table_type,
  lower(data_source_format) AS file_format,
  table_owner,
  if(
    table_type IN (
      'EXTERNAL',
      'MANAGED',
      'MANAGED_SHALLOW_CLONE',
      'EXTERNAL_SHALLOW_CLONE'
    ),
    lower(table_type),
    NULL
  ) AS databricks_table_type
FROM `system`.`information_schema`.`tables`
WHERE table_catalog = 'dbt_dev' 
  AND table_schema = 'default'

  
[0m00:11:13.357770 [debug] [ThreadPool]: Opening a new connection, currently in state init
[0m00:11:14.597063 [debug] [ThreadPool]: Databricks adapter: Connection(session-id=01f1820f-16ee-105e-be51-95006e3e2dd9) - Created
[0m00:11:17.579882 [debug] [ThreadPool]: SQL status: OK in 4.220 seconds
[0m00:11:17.585983 [debug] [ThreadPool]: Databricks adapter: Cursor(session-id=01f1820f-16ee-105e-be51-95006e3e2dd9, command-id=01f1820f-1722-1e2d-afc3-873884b76268) - Closing
[0m00:11:17.585983 [debug] [ThreadPool]: On list_dbt_dev_default: Close
[0m00:11:17.586987 [debug] [ThreadPool]: Databricks adapter: Connection(session-id=01f1820f-16ee-105e-be51-95006e3e2dd9) - Closing
[0m00:11:17.934004 [debug] [MainThread]: Sending event: {'category': 'dbt', 'action': 'runnable_timing', 'label': '9b59e085-3495-4cd3-b600-77117368a033', 'context': [<snowplow_tracker.self_describing_json.SelfDescribingJson object at 0x0000023CCEFE7E50>]}
[0m00:11:17.938000 [debug] [Thread-3  ]: Began running node model.Joy_dbt_project.bronze_customer
[0m00:11:17.939002 [info ] [Thread-3  ]: 1 of 2 START sql view model default.bronze_customer ............................ [RUN]
[0m00:11:17.940002 [debug] [Thread-3  ]: Databricks adapter: DatabricksDBTConnection(session-id=None, name=model.Joy_dbt_project.bronze_customer) - Creating connection
[0m00:11:17.940002 [debug] [Thread-3  ]: Acquiring new databricks connection 'model.Joy_dbt_project.bronze_customer'
[0m00:11:17.940002 [debug] [Thread-3  ]: Began compiling node model.Joy_dbt_project.bronze_customer
[0m00:11:17.946001 [debug] [Thread-3  ]: Writing injected SQL for node "model.Joy_dbt_project.bronze_customer"
[0m00:11:17.947001 [debug] [Thread-3  ]: Began executing node model.Joy_dbt_project.bronze_customer
[0m00:11:17.959999 [debug] [Thread-3  ]: MATERIALIZING VIEW
[0m00:11:17.962003 [warn ] [Thread-3  ]: [[33mWARNING[0m]: Use revamped materializations based on separating create and insert.  This allows more performant column comments, as well as new column features.
You may opt into the new behavior sooner by setting `flags.use_materialization_v2` to `True` in `dbt_project.yml`.
Visit https://docs.getdbt.com/reference/global-configs/behavior-changes for more information.
[0m00:11:17.963000 [debug] [Thread-3  ]: Sending event: {'category': 'dbt', 'action': 'BehaviorChangeEvent', 'label': '9b59e085-3495-4cd3-b600-77117368a033', 'context': [<snowplow_tracker.self_describing_json.SelfDescribingJson object at 0x0000023CD5309A90>]}
[0m00:11:17.974044 [debug] [Thread-3  ]: Creating view `dbt_dev`.`default`.`bronze_customer`
[0m00:11:17.979003 [debug] [Thread-3  ]: Writing runtime sql for node "model.Joy_dbt_project.bronze_customer"
[0m00:11:17.980005 [debug] [Thread-3  ]: Using databricks connection "model.Joy_dbt_project.bronze_customer"
[0m00:11:17.980005 [debug] [Thread-3  ]: On model.Joy_dbt_project.bronze_customer: /* {"app": "dbt", "dbt_version": "1.10.22", "dbt_databricks_version": "1.10.9", "databricks_sql_connector_version": "4.3.0", "profile_name": "Joy_dbt_project", "target_name": "dev", "node_id": "model.Joy_dbt_project.bronze_customer"} */

  
  
  create or replace view `dbt_dev`.`default`.`bronze_customer`
  
  as (
    Select * from `dbt_dev`.`source`.`dim_customer`
  )

[0m00:11:17.981004 [debug] [Thread-3  ]: Opening a new connection, currently in state init
[0m00:11:19.171865 [debug] [Thread-3  ]: Databricks adapter: Connection(session-id=01f1820f-19ab-17ef-a7ba-94cb1ffe9aa7) - Created
[0m00:11:23.287504 [debug] [Thread-3  ]: SQL status: OK in 5.310 seconds
[0m00:11:23.289689 [debug] [Thread-3  ]: Databricks adapter: Cursor(session-id=01f1820f-19ab-17ef-a7ba-94cb1ffe9aa7, command-id=01f1820f-19dd-112a-b464-9a8f87329cb5) - Closing
[0m00:11:23.297694 [debug] [Thread-3  ]: Applying tags to relation None
[0m00:11:23.299699 [debug] [Thread-3  ]: On model.Joy_dbt_project.bronze_customer: Close
[0m00:11:23.299699 [debug] [Thread-3  ]: Databricks adapter: Connection(session-id=01f1820f-19ab-17ef-a7ba-94cb1ffe9aa7) - Closing
[0m00:11:23.641909 [debug] [Thread-3  ]: Sending event: {'category': 'dbt', 'action': 'run_model', 'label': '9b59e085-3495-4cd3-b600-77117368a033', 'context': [<snowplow_tracker.self_describing_json.SelfDescribingJson object at 0x0000023CCEEFE1F0>]}
[0m00:11:23.642884 [info ] [Thread-3  ]: 1 of 2 OK created sql view model default.bronze_customer ....................... [[32mOK[0m in 5.70s]
[0m00:11:23.644882 [debug] [Thread-3  ]: Finished running node model.Joy_dbt_project.bronze_customer
[0m00:11:23.644882 [debug] [Thread-3  ]: Began running node model.Joy_dbt_project.bronze_sale
[0m00:11:23.645913 [info ] [Thread-3  ]: 2 of 2 START sql view model default.bronze_sale ................................ [RUN]
[0m00:11:23.645913 [debug] [Thread-3  ]: Databricks adapter: DatabricksDBTConnection(session-id=None, name=model.Joy_dbt_project.bronze_sale) - Creating connection
[0m00:11:23.646919 [debug] [Thread-3  ]: Acquiring new databricks connection 'model.Joy_dbt_project.bronze_sale'
[0m00:11:23.646919 [debug] [Thread-3  ]: Began compiling node model.Joy_dbt_project.bronze_sale
[0m00:11:23.649919 [debug] [Thread-3  ]: Writing injected SQL for node "model.Joy_dbt_project.bronze_sale"
[0m00:11:23.649919 [debug] [Thread-3  ]: Began executing node model.Joy_dbt_project.bronze_sale
[0m00:11:23.651919 [debug] [Thread-3  ]: MATERIALIZING VIEW
[0m00:11:23.652919 [debug] [Thread-3  ]: Creating view `dbt_dev`.`default`.`bronze_sale`
[0m00:11:23.653920 [debug] [Thread-3  ]: Writing runtime sql for node "model.Joy_dbt_project.bronze_sale"
[0m00:11:23.653920 [debug] [Thread-3  ]: Using databricks connection "model.Joy_dbt_project.bronze_sale"
[0m00:11:23.654919 [debug] [Thread-3  ]: On model.Joy_dbt_project.bronze_sale: /* {"app": "dbt", "dbt_version": "1.10.22", "dbt_databricks_version": "1.10.9", "databricks_sql_connector_version": "4.3.0", "profile_name": "Joy_dbt_project", "target_name": "dev", "node_id": "model.Joy_dbt_project.bronze_sale"} */

  
  
  create or replace view `dbt_dev`.`default`.`bronze_sale`
  
  as (
    Select * from `dbt_dev`.`source`.`fact_sales`
  )

[0m00:11:23.654919 [debug] [Thread-3  ]: Opening a new connection, currently in state init
[0m00:11:24.866879 [debug] [Thread-3  ]: Databricks adapter: Connection(session-id=01f1820f-1d0d-14f5-9070-fd085203cb67) - Created
[0m00:11:26.797109 [debug] [Thread-3  ]: SQL status: OK in 3.140 seconds
[0m00:11:26.798108 [debug] [Thread-3  ]: Databricks adapter: Cursor(session-id=01f1820f-1d0d-14f5-9070-fd085203cb67, command-id=01f1820f-1d41-1449-aa7d-6410120eac19) - Closing
[0m00:11:26.799118 [debug] [Thread-3  ]: Applying tags to relation None
[0m00:11:26.799118 [debug] [Thread-3  ]: On model.Joy_dbt_project.bronze_sale: Close
[0m00:11:26.800315 [debug] [Thread-3  ]: Databricks adapter: Connection(session-id=01f1820f-1d0d-14f5-9070-fd085203cb67) - Closing
[0m00:11:27.153648 [debug] [Thread-3  ]: Sending event: {'category': 'dbt', 'action': 'run_model', 'label': '9b59e085-3495-4cd3-b600-77117368a033', 'context': [<snowplow_tracker.self_describing_json.SelfDescribingJson object at 0x0000023CF667D4F0>]}
[0m00:11:27.155635 [info ] [Thread-3  ]: 2 of 2 OK created sql view model default.bronze_sale ........................... [[32mOK[0m in 3.51s]
[0m00:11:27.156631 [debug] [Thread-3  ]: Finished running node model.Joy_dbt_project.bronze_sale
[0m00:11:27.158628 [debug] [MainThread]: Databricks adapter: DatabricksDBTConnection(session-id=None, name=master) - Creating connection
[0m00:11:27.158628 [debug] [MainThread]: Acquiring new databricks connection 'master'
[0m00:11:27.159629 [info ] [MainThread]: 
[0m00:11:27.159629 [info ] [MainThread]: Finished running 2 view models in 0 hours 1 minutes and 19.36 seconds (79.36s).
[0m00:11:27.159629 [debug] [MainThread]: Command end result
[0m00:11:27.185001 [debug] [MainThread]: Wrote artifact WritableManifest to D:\Software\databuildtool\joy_dbt_project\target\manifest.json
[0m00:11:27.187999 [debug] [MainThread]: Wrote artifact SemanticManifest to D:\Software\databuildtool\joy_dbt_project\target\semantic_manifest.json
[0m00:11:27.192485 [debug] [MainThread]: Wrote artifact RunExecutionResult to D:\Software\databuildtool\joy_dbt_project\target\run_results.json
[0m00:11:27.193484 [info ] [MainThread]: 
[0m00:11:27.193484 [info ] [MainThread]: [32mCompleted successfully[0m
[0m00:11:27.194484 [info ] [MainThread]: 
[0m00:11:27.194484 [info ] [MainThread]: Done. PASS=2 WARN=0 ERROR=0 SKIP=0 NO-OP=0 TOTAL=2
[0m00:11:27.195484 [debug] [MainThread]: Command `dbt run` succeeded at 00:11:27.195484 after 88.81 seconds
[0m00:11:27.196485 [debug] [MainThread]: Sending event: {'category': 'dbt', 'action': 'invocation', 'label': 'end', 'context': [<snowplow_tracker.self_describing_json.SelfDescribingJson object at 0x0000023CD08A0E20>, <snowplow_tracker.self_describing_json.SelfDescribingJson object at 0x0000023CD1C19C10>, <snowplow_tracker.self_describing_json.SelfDescribingJson object at 0x0000023CF4C9D070>]}
[0m00:11:27.196485 [debug] [MainThread]: Flushing usage events
[0m00:11:28.494373 [debug] [MainThread]: An error was encountered while trying to flush usage events
[0m00:26:26.858546 [debug] [MainThread]: Sending event: {'category': 'dbt', 'action': 'invocation', 'label': 'start', 'context': [<snowplow_tracker.self_describing_json.SelfDescribingJson object at 0x000001D82A860DF0>, <snowplow_tracker.self_describing_json.SelfDescribingJson object at 0x000001D82CAFDD00>, <snowplow_tracker.self_describing_json.SelfDescribingJson object at 0x000001D82CAFDFA0>]}


============================== 00:26:26.860547 | e61d33c9-e385-4413-be6a-a289f8b61fc7 ==============================
[0m00:26:26.860547 [info ] [MainThread]: Running with dbt=1.10.22
[0m00:26:26.861547 [debug] [MainThread]: running dbt with arguments {'fail_fast': 'False', 'debug': 'False', 'log_cache_events': 'False', 'send_anonymous_usage_stats': 'True', 'warn_error_options': 'WarnErrorOptionsV2(error=[], warn=[], silence=[])', 'cache_selected_only': 'False', 'target_path': 'None', 'invocation_command': 'dbt run', 'version_check': 'True', 'empty': 'False', 'printer_width': '80', 'partial_parse': 'True', 'introspect': 'True', 'log_path': 'D:\\Software\\databuildtool\\joy_dbt_project\\logs', 'warn_error': 'None', 'write_json': 'True', 'no_print': 'None', 'log_format': 'default', 'quiet': 'False', 'static_parser': 'True', 'profiles_dir': 'D:\\Software\\databuildtool\\joy_dbt_project', 'use_experimental_parser': 'False', 'use_colors': 'True', 'indirect_selection': 'eager'}
[0m00:26:27.389407 [debug] [MainThread]: Spark adapter: Setting pyhive.hive logging to ERROR
[0m00:26:27.389407 [debug] [MainThread]: Spark adapter: Setting thrift.transport logging to ERROR
[0m00:26:27.390421 [debug] [MainThread]: Spark adapter: Setting thrift.protocol logging to ERROR
[0m00:26:27.949755 [debug] [MainThread]: Sending event: {'category': 'dbt', 'action': 'project_id', 'label': 'e61d33c9-e385-4413-be6a-a289f8b61fc7', 'context': [<snowplow_tracker.self_describing_json.SelfDescribingJson object at 0x000001D82CAAEA90>]}
[0m00:26:27.990265 [debug] [MainThread]: Sending event: {'category': 'dbt', 'action': 'adapter_info', 'label': 'e61d33c9-e385-4413-be6a-a289f8b61fc7', 'context': [<snowplow_tracker.self_describing_json.SelfDescribingJson object at 0x000001D82CA90B80>]}
[0m00:26:27.991265 [info ] [MainThread]: Registered adapter: databricks=1.10.9
[0m00:26:28.188009 [debug] [MainThread]: checksum: 04c83ee057a648a2f8e380c895ffead170732fa039f068d62b9d36aaeefaf7cc, vars: {}, profile: , target: , version: 1.10.22
[0m00:26:28.304622 [info ] [MainThread]: Unable to do partial parsing because config vars, config profile, or config target have changed
[0m00:26:28.305643 [debug] [MainThread]: previous checksum: 04c83ee057a648a2f8e380c895ffead170732fa039f068d62b9d36aaeefaf7cc, current checksum: bf265a7c0c2ed5fdf5e7cf833b7259242a36b70c18b3aadb2d6a23dca375f4e8
[0m00:26:28.305643 [debug] [MainThread]: Sending event: {'category': 'dbt', 'action': 'partial_parser', 'label': 'e61d33c9-e385-4413-be6a-a289f8b61fc7', 'context': [<snowplow_tracker.self_describing_json.SelfDescribingJson object at 0x000001D82BC72730>]}
[0m00:26:29.421095 [warn ] [MainThread]: [[33mWARNING[0m]: Configuration paths exist in your dbt_project.yml file which do not apply to any resources.
There are 3 unused configuration paths:
- models.Joy_dbt_project.bronze
- models.Joy_dbt_project.silver
- models.Joy_dbt_project.gold
[0m00:26:29.428110 [debug] [MainThread]: Sending event: {'category': 'dbt', 'action': 'load_project', 'label': 'e61d33c9-e385-4413-be6a-a289f8b61fc7', 'context': [<snowplow_tracker.self_describing_json.SelfDescribingJson object at 0x000001D8505C2EB0>]}
[0m00:26:29.488004 [debug] [MainThread]: Wrote artifact WritableManifest to D:\Software\databuildtool\joy_dbt_project\target\manifest.json
[0m00:26:29.489904 [debug] [MainThread]: Wrote artifact SemanticManifest to D:\Software\databuildtool\joy_dbt_project\target\semantic_manifest.json
[0m00:26:29.552920 [debug] [MainThread]: Sending event: {'category': 'dbt', 'action': 'resource_counts', 'label': 'e61d33c9-e385-4413-be6a-a289f8b61fc7', 'context': [<snowplow_tracker.self_describing_json.SelfDescribingJson object at 0x000001D85053DA90>]}
[0m00:26:29.552920 [info ] [MainThread]: Found 2 models, 6 sources, 699 macros
[0m00:26:29.553931 [debug] [MainThread]: Sending event: {'category': 'dbt', 'action': 'runnable_timing', 'label': 'e61d33c9-e385-4413-be6a-a289f8b61fc7', 'context': [<snowplow_tracker.self_describing_json.SelfDescribingJson object at 0x000001D850535DC0>]}
[0m00:26:29.554961 [info ] [MainThread]: 
[0m00:26:29.554961 [info ] [MainThread]: Concurrency: 1 threads (target='dev')
[0m00:26:29.555932 [info ] [MainThread]: 
[0m00:26:29.555932 [debug] [MainThread]: Databricks adapter: DatabricksDBTConnection(session-id=None, name=master) - Creating connection
[0m00:26:29.555932 [debug] [MainThread]: Acquiring new databricks connection 'master'
[0m00:26:29.562441 [debug] [ThreadPool]: Databricks adapter: DatabricksDBTConnection(session-id=None, name=list_dbt_dev) - Creating connection
[0m00:26:29.563443 [debug] [ThreadPool]: Acquiring new databricks connection 'list_dbt_dev'
[0m00:26:29.563443 [debug] [ThreadPool]: Using databricks connection "list_dbt_dev"
[0m00:26:29.563443 [debug] [ThreadPool]: On list_dbt_dev: GetSchemas(database=dbt_dev, schema=None)
[0m00:26:29.563443 [debug] [ThreadPool]: Opening a new connection, currently in state init
[0m00:26:32.035462 [debug] [ThreadPool]: Databricks adapter: Connection(session-id=01f18211-391f-1150-bf4d-5b0bb85e1961) - Created
[0m00:26:32.765521 [debug] [ThreadPool]: SQL status: OK in 3.200 seconds
[0m00:26:32.767033 [debug] [ThreadPool]: Databricks adapter: Cursor(session-id=01f18211-391f-1150-bf4d-5b0bb85e1961, command-id=01f18211-39f7-12a5-8bb2-d3d7b78b75ae) - Closing
[0m00:26:32.767033 [debug] [ThreadPool]: On list_dbt_dev: Close
[0m00:26:32.768031 [debug] [ThreadPool]: Databricks adapter: Connection(session-id=01f18211-391f-1150-bf4d-5b0bb85e1961) - Closing
[0m00:26:33.086967 [debug] [ThreadPool]: Databricks adapter: DatabricksDBTConnection(session-id=None, name=list_dbt_dev_default) - Creating connection
[0m00:26:33.086967 [debug] [ThreadPool]: Acquiring new databricks connection 'list_dbt_dev_default'
[0m00:26:33.094981 [debug] [ThreadPool]: Using databricks connection "list_dbt_dev_default"
[0m00:26:33.095965 [debug] [ThreadPool]: On list_dbt_dev_default: /* {"app": "dbt", "dbt_version": "1.10.22", "dbt_databricks_version": "1.10.9", "databricks_sql_connector_version": "4.3.0", "profile_name": "Joy_dbt_project", "target_name": "dev", "connection_name": "list_dbt_dev_default"} */

    
SELECT
  table_name,
  if(table_type IN ('EXTERNAL', 'MANAGED', 'MANAGED_SHALLOW_CLONE', 'EXTERNAL_SHALLOW_CLONE'), 'table', lower(table_type)) AS table_type,
  lower(data_source_format) AS file_format,
  table_owner,
  if(
    table_type IN (
      'EXTERNAL',
      'MANAGED',
      'MANAGED_SHALLOW_CLONE',
      'EXTERNAL_SHALLOW_CLONE'
    ),
    lower(table_type),
    NULL
  ) AS databricks_table_type
FROM `system`.`information_schema`.`tables`
WHERE table_catalog = 'dbt_dev' 
  AND table_schema = 'default'

  
[0m00:26:33.095965 [debug] [ThreadPool]: Opening a new connection, currently in state init
[0m00:26:34.288059 [debug] [ThreadPool]: Databricks adapter: Connection(session-id=01f18211-3b1b-1bd1-b3cd-25b3e613adca) - Created
[0m00:26:35.272602 [debug] [ThreadPool]: SQL status: OK in 2.180 seconds
[0m00:26:35.279104 [debug] [ThreadPool]: Databricks adapter: Cursor(session-id=01f18211-3b1b-1bd1-b3cd-25b3e613adca, command-id=01f18211-3b4e-1dab-86ba-6926ab55dd72) - Closing
[0m00:26:35.279104 [debug] [ThreadPool]: On list_dbt_dev_default: Close
[0m00:26:35.280101 [debug] [ThreadPool]: Databricks adapter: Connection(session-id=01f18211-3b1b-1bd1-b3cd-25b3e613adca) - Closing
[0m00:26:35.614091 [debug] [MainThread]: Sending event: {'category': 'dbt', 'action': 'runnable_timing', 'label': 'e61d33c9-e385-4413-be6a-a289f8b61fc7', 'context': [<snowplow_tracker.self_describing_json.SelfDescribingJson object at 0x000001D82C93FC10>]}
[0m00:26:35.618511 [debug] [Thread-3  ]: Began running node model.Joy_dbt_project.bronze_customer
[0m00:26:35.618511 [info ] [Thread-3  ]: 1 of 2 START sql view model default.bronze_customer ............................ [RUN]
[0m00:26:35.619510 [debug] [Thread-3  ]: Databricks adapter: DatabricksDBTConnection(session-id=None, name=model.Joy_dbt_project.bronze_customer) - Creating connection
[0m00:26:35.619510 [debug] [Thread-3  ]: Acquiring new databricks connection 'model.Joy_dbt_project.bronze_customer'
[0m00:26:35.620510 [debug] [Thread-3  ]: Began compiling node model.Joy_dbt_project.bronze_customer
[0m00:26:35.626511 [debug] [Thread-3  ]: Writing injected SQL for node "model.Joy_dbt_project.bronze_customer"
[0m00:26:35.627511 [debug] [Thread-3  ]: Began executing node model.Joy_dbt_project.bronze_customer
[0m00:26:35.640511 [debug] [Thread-3  ]: MATERIALIZING VIEW
[0m00:26:35.642511 [warn ] [Thread-3  ]: [[33mWARNING[0m]: Use revamped materializations based on separating create and insert.  This allows more performant column comments, as well as new column features.
You may opt into the new behavior sooner by setting `flags.use_materialization_v2` to `True` in `dbt_project.yml`.
Visit https://docs.getdbt.com/reference/global-configs/behavior-changes for more information.
[0m00:26:35.643510 [debug] [Thread-3  ]: Sending event: {'category': 'dbt', 'action': 'BehaviorChangeEvent', 'label': 'e61d33c9-e385-4413-be6a-a289f8b61fc7', 'context': [<snowplow_tracker.self_describing_json.SelfDescribingJson object at 0x000001D84FCF6610>]}
[0m00:26:35.653509 [debug] [Thread-3  ]: Creating view `dbt_dev`.`default`.`bronze_customer`
[0m00:26:35.658511 [debug] [Thread-3  ]: Writing runtime sql for node "model.Joy_dbt_project.bronze_customer"
[0m00:26:35.659512 [debug] [Thread-3  ]: Using databricks connection "model.Joy_dbt_project.bronze_customer"
[0m00:26:35.660517 [debug] [Thread-3  ]: On model.Joy_dbt_project.bronze_customer: /* {"app": "dbt", "dbt_version": "1.10.22", "dbt_databricks_version": "1.10.9", "databricks_sql_connector_version": "4.3.0", "profile_name": "Joy_dbt_project", "target_name": "dev", "node_id": "model.Joy_dbt_project.bronze_customer"} */

  
  
  create or replace view `dbt_dev`.`default`.`bronze_customer`
  
  as (
    Select * from `dbt_dev`.`source`.`dim_customer`
  )

[0m00:26:35.660517 [debug] [Thread-3  ]: Opening a new connection, currently in state init
[0m00:26:36.806138 [debug] [Thread-3  ]: Databricks adapter: Connection(session-id=01f18211-3c9f-1728-b909-0d9a309a15ac) - Created
[0m00:26:38.198404 [debug] [Thread-3  ]: SQL status: OK in 2.540 seconds
[0m00:26:38.199426 [debug] [Thread-3  ]: Databricks adapter: Cursor(session-id=01f18211-3c9f-1728-b909-0d9a309a15ac, command-id=01f18211-3cd6-1679-977b-8e61e0988dc9) - Closing
[0m00:26:38.207406 [debug] [Thread-3  ]: Applying tags to relation None
[0m00:26:38.208339 [debug] [Thread-3  ]: On model.Joy_dbt_project.bronze_customer: Close
[0m00:26:38.209407 [debug] [Thread-3  ]: Databricks adapter: Connection(session-id=01f18211-3c9f-1728-b909-0d9a309a15ac) - Closing
[0m00:26:38.552249 [debug] [Thread-3  ]: Sending event: {'category': 'dbt', 'action': 'run_model', 'label': 'e61d33c9-e385-4413-be6a-a289f8b61fc7', 'context': [<snowplow_tracker.self_describing_json.SelfDescribingJson object at 0x000001D85021DC10>]}
[0m00:26:38.553250 [info ] [Thread-3  ]: 1 of 2 OK created sql view model default.bronze_customer ....................... [[32mOK[0m in 2.93s]
[0m00:26:38.554250 [debug] [Thread-3  ]: Finished running node model.Joy_dbt_project.bronze_customer
[0m00:26:38.554250 [debug] [Thread-3  ]: Began running node model.Joy_dbt_project.bronze_sale
[0m00:26:38.555250 [info ] [Thread-3  ]: 2 of 2 START sql view model default.bronze_sale ................................ [RUN]
[0m00:26:38.555250 [debug] [Thread-3  ]: Databricks adapter: DatabricksDBTConnection(session-id=None, name=model.Joy_dbt_project.bronze_sale) - Creating connection
[0m00:26:38.556250 [debug] [Thread-3  ]: Acquiring new databricks connection 'model.Joy_dbt_project.bronze_sale'
[0m00:26:38.556250 [debug] [Thread-3  ]: Began compiling node model.Joy_dbt_project.bronze_sale
[0m00:26:38.559249 [debug] [Thread-3  ]: Writing injected SQL for node "model.Joy_dbt_project.bronze_sale"
[0m00:26:38.560250 [debug] [Thread-3  ]: Began executing node model.Joy_dbt_project.bronze_sale
[0m00:26:38.561759 [debug] [Thread-3  ]: MATERIALIZING VIEW
[0m00:26:38.562768 [debug] [Thread-3  ]: Creating view `dbt_dev`.`default`.`bronze_sale`
[0m00:26:38.563768 [debug] [Thread-3  ]: Writing runtime sql for node "model.Joy_dbt_project.bronze_sale"
[0m00:26:38.563768 [debug] [Thread-3  ]: Using databricks connection "model.Joy_dbt_project.bronze_sale"
[0m00:26:38.564768 [debug] [Thread-3  ]: On model.Joy_dbt_project.bronze_sale: /* {"app": "dbt", "dbt_version": "1.10.22", "dbt_databricks_version": "1.10.9", "databricks_sql_connector_version": "4.3.0", "profile_name": "Joy_dbt_project", "target_name": "dev", "node_id": "model.Joy_dbt_project.bronze_sale"} */

  
  
  create or replace view `dbt_dev`.`default`.`bronze_sale`
  
  as (
    Select * from `dbt_dev`.`source`.`fact_sales`
  )

[0m00:26:38.564768 [debug] [Thread-3  ]: Opening a new connection, currently in state init
[0m00:26:39.773911 [debug] [Thread-3  ]: Databricks adapter: Connection(session-id=01f18211-3e63-1066-99aa-0c1d8c343249) - Created
[0m00:26:40.860945 [debug] [Thread-3  ]: SQL status: OK in 2.300 seconds
[0m00:26:40.862947 [debug] [Thread-3  ]: Databricks adapter: Cursor(session-id=01f18211-3e63-1066-99aa-0c1d8c343249, command-id=01f18211-3e94-111c-a0ea-b0d616a01aa1) - Closing
[0m00:26:40.862947 [debug] [Thread-3  ]: Applying tags to relation None
[0m00:26:40.863946 [debug] [Thread-3  ]: On model.Joy_dbt_project.bronze_sale: Close
[0m00:26:40.865068 [debug] [Thread-3  ]: Databricks adapter: Connection(session-id=01f18211-3e63-1066-99aa-0c1d8c343249) - Closing
[0m00:26:41.205450 [debug] [Thread-3  ]: Sending event: {'category': 'dbt', 'action': 'run_model', 'label': 'e61d33c9-e385-4413-be6a-a289f8b61fc7', 'context': [<snowplow_tracker.self_describing_json.SelfDescribingJson object at 0x000001D82A739B80>]}
[0m00:26:41.206490 [info ] [Thread-3  ]: 2 of 2 OK created sql view model default.bronze_sale ........................... [[32mOK[0m in 2.65s]
[0m00:26:41.207451 [debug] [Thread-3  ]: Finished running node model.Joy_dbt_project.bronze_sale
[0m00:26:41.208450 [debug] [MainThread]: Databricks adapter: DatabricksDBTConnection(session-id=None, name=master) - Creating connection
[0m00:26:41.208450 [debug] [MainThread]: Acquiring new databricks connection 'master'
[0m00:26:41.211317 [info ] [MainThread]: 
[0m00:26:41.211317 [info ] [MainThread]: Finished running 2 view models in 0 hours 0 minutes and 11.65 seconds (11.65s).
[0m00:26:41.212321 [debug] [MainThread]: Command end result
[0m00:26:41.233353 [debug] [MainThread]: Wrote artifact WritableManifest to D:\Software\databuildtool\joy_dbt_project\target\manifest.json
[0m00:26:41.235334 [debug] [MainThread]: Wrote artifact SemanticManifest to D:\Software\databuildtool\joy_dbt_project\target\semantic_manifest.json
[0m00:26:41.241322 [debug] [MainThread]: Wrote artifact RunExecutionResult to D:\Software\databuildtool\joy_dbt_project\target\run_results.json
[0m00:26:41.241322 [info ] [MainThread]: 
[0m00:26:41.242321 [info ] [MainThread]: [32mCompleted successfully[0m
[0m00:26:41.242321 [info ] [MainThread]: 
[0m00:26:41.243321 [info ] [MainThread]: Done. PASS=2 WARN=0 ERROR=0 SKIP=0 NO-OP=0 TOTAL=2
[0m00:26:41.244322 [debug] [MainThread]: Command `dbt run` succeeded at 00:26:41.244322 after 14.45 seconds
[0m00:26:41.244322 [debug] [MainThread]: Sending event: {'category': 'dbt', 'action': 'invocation', 'label': 'end', 'context': [<snowplow_tracker.self_describing_json.SelfDescribingJson object at 0x000001D82A860DF0>, <snowplow_tracker.self_describing_json.SelfDescribingJson object at 0x000001D82ABEB250>, <snowplow_tracker.self_describing_json.SelfDescribingJson object at 0x000001D85053DA30>]}
[0m00:26:41.244322 [debug] [MainThread]: Flushing usage events
[0m00:26:42.730023 [debug] [MainThread]: An error was encountered while trying to flush usage events
[0m00:33:30.940352 [debug] [MainThread]: Sending event: {'category': 'dbt', 'action': 'invocation', 'label': 'start', 'context': [<snowplow_tracker.self_describing_json.SelfDescribingJson object at 0x000001C374460DF0>, <snowplow_tracker.self_describing_json.SelfDescribingJson object at 0x000001C3766FDD00>, <snowplow_tracker.self_describing_json.SelfDescribingJson object at 0x000001C3766FDFA0>]}


============================== 00:33:30.946130 | d84b3d2c-f37e-4b25-87d2-2ba13a1c6ae8 ==============================
[0m00:33:30.946130 [info ] [MainThread]: Running with dbt=1.10.22
[0m00:33:30.947153 [debug] [MainThread]: running dbt with arguments {'debug': 'False', 'fail_fast': 'False', 'log_cache_events': 'False', 'send_anonymous_usage_stats': 'True', 'cache_selected_only': 'False', 'warn_error_options': 'WarnErrorOptionsV2(error=[], warn=[], silence=[])', 'invocation_command': 'dbt run', 'target_path': 'None', 'version_check': 'True', 'empty': 'False', 'printer_width': '80', 'quiet': 'False', 'introspect': 'True', 'partial_parse': 'True', 'warn_error': 'None', 'write_json': 'True', 'log_path': 'D:\\Software\\databuildtool\\joy_dbt_project\\logs', 'log_format': 'default', 'no_print': 'None', 'static_parser': 'True', 'profiles_dir': 'D:\\Software\\databuildtool\\joy_dbt_project', 'use_experimental_parser': 'False', 'use_colors': 'True', 'indirect_selection': 'eager'}
[0m00:33:31.493381 [debug] [MainThread]: Spark adapter: Setting pyhive.hive logging to ERROR
[0m00:33:31.494362 [debug] [MainThread]: Spark adapter: Setting thrift.transport logging to ERROR
[0m00:33:31.494362 [debug] [MainThread]: Spark adapter: Setting thrift.protocol logging to ERROR
[0m00:33:32.101389 [debug] [MainThread]: Sending event: {'category': 'dbt', 'action': 'project_id', 'label': 'd84b3d2c-f37e-4b25-87d2-2ba13a1c6ae8', 'context': [<snowplow_tracker.self_describing_json.SelfDescribingJson object at 0x000001C3766AEA90>]}
[0m00:33:32.144420 [debug] [MainThread]: Sending event: {'category': 'dbt', 'action': 'adapter_info', 'label': 'd84b3d2c-f37e-4b25-87d2-2ba13a1c6ae8', 'context': [<snowplow_tracker.self_describing_json.SelfDescribingJson object at 0x000001C376690B80>]}
[0m00:33:32.145362 [info ] [MainThread]: Registered adapter: databricks=1.10.9
[0m00:33:32.368902 [debug] [MainThread]: checksum: 04c83ee057a648a2f8e380c895ffead170732fa039f068d62b9d36aaeefaf7cc, vars: {}, profile: , target: , version: 1.10.22
[0m00:33:32.487146 [info ] [MainThread]: Unable to do partial parsing because config vars, config profile, or config target have changed
[0m00:33:32.488146 [debug] [MainThread]: previous checksum: 04c83ee057a648a2f8e380c895ffead170732fa039f068d62b9d36aaeefaf7cc, current checksum: bf265a7c0c2ed5fdf5e7cf833b7259242a36b70c18b3aadb2d6a23dca375f4e8
[0m00:33:32.488146 [debug] [MainThread]: Sending event: {'category': 'dbt', 'action': 'partial_parser', 'label': 'd84b3d2c-f37e-4b25-87d2-2ba13a1c6ae8', 'context': [<snowplow_tracker.self_describing_json.SelfDescribingJson object at 0x000001C375872730>]}
[0m00:33:33.611044 [warn ] [MainThread]: [[33mWARNING[0m]: Configuration paths exist in your dbt_project.yml file which do not apply to any resources.
There are 2 unused configuration paths:
- models.Joy_dbt_project.Gold
- models.Joy_dbt_project.Silver
[0m00:33:33.619043 [debug] [MainThread]: Sending event: {'category': 'dbt', 'action': 'load_project', 'label': 'd84b3d2c-f37e-4b25-87d2-2ba13a1c6ae8', 'context': [<snowplow_tracker.self_describing_json.SelfDescribingJson object at 0x000001C31A1C2EB0>]}
[0m00:33:33.679555 [debug] [MainThread]: Wrote artifact WritableManifest to D:\Software\databuildtool\joy_dbt_project\target\manifest.json
[0m00:33:33.681692 [debug] [MainThread]: Wrote artifact SemanticManifest to D:\Software\databuildtool\joy_dbt_project\target\semantic_manifest.json
[0m00:33:33.750053 [debug] [MainThread]: Sending event: {'category': 'dbt', 'action': 'resource_counts', 'label': 'd84b3d2c-f37e-4b25-87d2-2ba13a1c6ae8', 'context': [<snowplow_tracker.self_describing_json.SelfDescribingJson object at 0x000001C31A15AF10>]}
[0m00:33:33.751053 [info ] [MainThread]: Found 2 models, 6 sources, 699 macros
[0m00:33:33.751053 [debug] [MainThread]: Sending event: {'category': 'dbt', 'action': 'runnable_timing', 'label': 'd84b3d2c-f37e-4b25-87d2-2ba13a1c6ae8', 'context': [<snowplow_tracker.self_describing_json.SelfDescribingJson object at 0x000001C31A13BD30>]}
[0m00:33:33.752124 [info ] [MainThread]: 
[0m00:33:33.753251 [info ] [MainThread]: Concurrency: 1 threads (target='dev')
[0m00:33:33.753251 [info ] [MainThread]: 
[0m00:33:33.754129 [debug] [MainThread]: Databricks adapter: DatabricksDBTConnection(session-id=None, name=master) - Creating connection
[0m00:33:33.754129 [debug] [MainThread]: Acquiring new databricks connection 'master'
[0m00:33:33.760167 [debug] [ThreadPool]: Databricks adapter: DatabricksDBTConnection(session-id=None, name=list_dbt_dev) - Creating connection
[0m00:33:33.761129 [debug] [ThreadPool]: Acquiring new databricks connection 'list_dbt_dev'
[0m00:33:33.761129 [debug] [ThreadPool]: Using databricks connection "list_dbt_dev"
[0m00:33:33.761129 [debug] [ThreadPool]: On list_dbt_dev: GetSchemas(database=dbt_dev, schema=None)
[0m00:33:33.762136 [debug] [ThreadPool]: Opening a new connection, currently in state init
[0m00:33:36.114743 [debug] [ThreadPool]: Databricks adapter: Connection(session-id=01f18212-35db-1d44-bb1b-62323d01aafa) - Created
[0m00:33:37.084605 [debug] [ThreadPool]: SQL status: OK in 3.320 seconds
[0m00:33:37.085607 [debug] [ThreadPool]: Databricks adapter: Cursor(session-id=01f18212-35db-1d44-bb1b-62323d01aafa, command-id=01f18212-36bc-150a-9c77-05bbe2fb3ec1) - Closing
[0m00:33:37.085607 [debug] [ThreadPool]: On list_dbt_dev: Close
[0m00:33:37.086606 [debug] [ThreadPool]: Databricks adapter: Connection(session-id=01f18212-35db-1d44-bb1b-62323d01aafa) - Closing
[0m00:33:37.429750 [debug] [ThreadPool]: Databricks adapter: DatabricksDBTConnection(session-id=None, name=create_dbt_dev_bronze) - Creating connection
[0m00:33:37.430742 [debug] [ThreadPool]: Acquiring new databricks connection 'create_dbt_dev_bronze'
[0m00:33:37.433135 [debug] [ThreadPool]: Creating schema "database: "dbt_dev"
schema: "bronze"
"
[0m00:33:37.439140 [debug] [ThreadPool]: Using databricks connection "create_dbt_dev_bronze"
[0m00:33:37.440141 [debug] [ThreadPool]: On create_dbt_dev_bronze: /* {"app": "dbt", "dbt_version": "1.10.22", "dbt_databricks_version": "1.10.9", "databricks_sql_connector_version": "4.3.0", "profile_name": "Joy_dbt_project", "target_name": "dev", "connection_name": "create_dbt_dev_bronze"} */
create schema if not exists `dbt_dev`.`bronze`
  
[0m00:33:37.440141 [debug] [ThreadPool]: Opening a new connection, currently in state init
[0m00:33:38.566972 [debug] [ThreadPool]: Databricks adapter: Connection(session-id=01f18212-3801-1f01-9efd-be3865bc5b0a) - Created
[0m00:33:39.959333 [debug] [ThreadPool]: SQL status: OK in 2.520 seconds
[0m00:33:39.961331 [debug] [ThreadPool]: Databricks adapter: Cursor(session-id=01f18212-3801-1f01-9efd-be3865bc5b0a, command-id=01f18212-3831-1343-98d2-d159972893e7) - Closing
[0m00:33:39.962328 [debug] [ThreadPool]: On create_dbt_dev_bronze: Close
[0m00:33:39.962328 [debug] [ThreadPool]: Databricks adapter: Connection(session-id=01f18212-3801-1f01-9efd-be3865bc5b0a) - Closing
[0m00:33:40.286470 [debug] [ThreadPool]: Databricks adapter: DatabricksDBTConnection(session-id=None, name=list_dbt_dev_bronze) - Creating connection
[0m00:33:40.286470 [debug] [ThreadPool]: Acquiring new databricks connection 'list_dbt_dev_bronze'
[0m00:33:40.293610 [debug] [ThreadPool]: Using databricks connection "list_dbt_dev_bronze"
[0m00:33:40.293610 [debug] [ThreadPool]: On list_dbt_dev_bronze: /* {"app": "dbt", "dbt_version": "1.10.22", "dbt_databricks_version": "1.10.9", "databricks_sql_connector_version": "4.3.0", "profile_name": "Joy_dbt_project", "target_name": "dev", "connection_name": "list_dbt_dev_bronze"} */

    
SELECT
  table_name,
  if(table_type IN ('EXTERNAL', 'MANAGED', 'MANAGED_SHALLOW_CLONE', 'EXTERNAL_SHALLOW_CLONE'), 'table', lower(table_type)) AS table_type,
  lower(data_source_format) AS file_format,
  table_owner,
  if(
    table_type IN (
      'EXTERNAL',
      'MANAGED',
      'MANAGED_SHALLOW_CLONE',
      'EXTERNAL_SHALLOW_CLONE'
    ),
    lower(table_type),
    NULL
  ) AS databricks_table_type
FROM `system`.`information_schema`.`tables`
WHERE table_catalog = 'dbt_dev' 
  AND table_schema = 'bronze'

  
[0m00:33:40.294568 [debug] [ThreadPool]: Opening a new connection, currently in state init
[0m00:33:41.461902 [debug] [ThreadPool]: Databricks adapter: Connection(session-id=01f18212-39bc-1d5a-88a5-08bd625b6459) - Created
[0m00:33:42.092575 [debug] [ThreadPool]: SQL status: OK in 1.800 seconds
[0m00:33:42.098016 [debug] [ThreadPool]: Databricks adapter: Cursor(session-id=01f18212-39bc-1d5a-88a5-08bd625b6459, command-id=01f18212-39ed-12fd-ba16-ed70e32689df) - Closing
[0m00:33:42.098016 [debug] [ThreadPool]: On list_dbt_dev_bronze: Close
[0m00:33:42.099016 [debug] [ThreadPool]: Databricks adapter: Connection(session-id=01f18212-39bc-1d5a-88a5-08bd625b6459) - Closing
[0m00:33:42.443759 [debug] [MainThread]: Sending event: {'category': 'dbt', 'action': 'runnable_timing', 'label': 'd84b3d2c-f37e-4b25-87d2-2ba13a1c6ae8', 'context': [<snowplow_tracker.self_describing_json.SelfDescribingJson object at 0x000001C372BEE4C0>]}
[0m00:33:42.448539 [debug] [Thread-4  ]: Began running node model.Joy_dbt_project.bronze_customer
[0m00:33:42.449493 [info ] [Thread-4  ]: 1 of 2 START sql view model bronze.bronze_customer ............................. [RUN]
[0m00:33:42.450490 [debug] [Thread-4  ]: Databricks adapter: DatabricksDBTConnection(session-id=None, name=model.Joy_dbt_project.bronze_customer) - Creating connection
[0m00:33:42.450490 [debug] [Thread-4  ]: Acquiring new databricks connection 'model.Joy_dbt_project.bronze_customer'
[0m00:33:42.451491 [debug] [Thread-4  ]: Began compiling node model.Joy_dbt_project.bronze_customer
[0m00:33:42.457490 [debug] [Thread-4  ]: Writing injected SQL for node "model.Joy_dbt_project.bronze_customer"
[0m00:33:42.458491 [debug] [Thread-4  ]: Began executing node model.Joy_dbt_project.bronze_customer
[0m00:33:42.467531 [debug] [Thread-4  ]: MATERIALIZING VIEW
[0m00:33:42.469491 [warn ] [Thread-4  ]: [[33mWARNING[0m]: Use revamped materializations based on separating create and insert.  This allows more performant column comments, as well as new column features.
You may opt into the new behavior sooner by setting `flags.use_materialization_v2` to `True` in `dbt_project.yml`.
Visit https://docs.getdbt.com/reference/global-configs/behavior-changes for more information.
[0m00:33:42.470501 [debug] [Thread-4  ]: Sending event: {'category': 'dbt', 'action': 'BehaviorChangeEvent', 'label': 'd84b3d2c-f37e-4b25-87d2-2ba13a1c6ae8', 'context': [<snowplow_tracker.self_describing_json.SelfDescribingJson object at 0x000001C31A232D60>]}
[0m00:33:42.480490 [debug] [Thread-4  ]: Creating view `dbt_dev`.`bronze`.`bronze_customer`
[0m00:33:42.485493 [debug] [Thread-4  ]: Writing runtime sql for node "model.Joy_dbt_project.bronze_customer"
[0m00:33:42.486491 [debug] [Thread-4  ]: Using databricks connection "model.Joy_dbt_project.bronze_customer"
[0m00:33:42.487495 [debug] [Thread-4  ]: On model.Joy_dbt_project.bronze_customer: /* {"app": "dbt", "dbt_version": "1.10.22", "dbt_databricks_version": "1.10.9", "databricks_sql_connector_version": "4.3.0", "profile_name": "Joy_dbt_project", "target_name": "dev", "node_id": "model.Joy_dbt_project.bronze_customer"} */

  
  
  create or replace view `dbt_dev`.`bronze`.`bronze_customer`
  
  as (
    Select * from `dbt_dev`.`source`.`dim_customer`
  )

[0m00:33:42.487495 [debug] [Thread-4  ]: Opening a new connection, currently in state init
[0m00:33:43.667799 [debug] [Thread-4  ]: Databricks adapter: Connection(session-id=01f18212-3b0b-1fea-ac64-bd6904f71f12) - Created
[0m00:33:44.998359 [debug] [Thread-4  ]: SQL status: OK in 2.510 seconds
[0m00:33:44.999362 [debug] [Thread-4  ]: Databricks adapter: Cursor(session-id=01f18212-3b0b-1fea-ac64-bd6904f71f12, command-id=01f18212-3b3d-1a46-a976-64c60a59a9b2) - Closing
[0m00:33:45.007364 [debug] [Thread-4  ]: Applying tags to relation None
[0m00:33:45.009365 [debug] [Thread-4  ]: On model.Joy_dbt_project.bronze_customer: Close
[0m00:33:45.009365 [debug] [Thread-4  ]: Databricks adapter: Connection(session-id=01f18212-3b0b-1fea-ac64-bd6904f71f12) - Closing
[0m00:33:45.349103 [debug] [Thread-4  ]: Sending event: {'category': 'dbt', 'action': 'run_model', 'label': 'd84b3d2c-f37e-4b25-87d2-2ba13a1c6ae8', 'context': [<snowplow_tracker.self_describing_json.SelfDescribingJson object at 0x000001C372ABE1C0>]}
[0m00:33:45.350614 [info ] [Thread-4  ]: 1 of 2 OK created sql view model bronze.bronze_customer ........................ [[32mOK[0m in 2.90s]
[0m00:33:45.350614 [debug] [Thread-4  ]: Finished running node model.Joy_dbt_project.bronze_customer
[0m00:33:45.351894 [debug] [Thread-4  ]: Began running node model.Joy_dbt_project.bronze_sale
[0m00:33:45.352900 [info ] [Thread-4  ]: 2 of 2 START sql view model bronze.bronze_sale ................................. [RUN]
[0m00:33:45.352900 [debug] [Thread-4  ]: Databricks adapter: DatabricksDBTConnection(session-id=None, name=model.Joy_dbt_project.bronze_sale) - Creating connection
[0m00:33:45.352900 [debug] [Thread-4  ]: Acquiring new databricks connection 'model.Joy_dbt_project.bronze_sale'
[0m00:33:45.354437 [debug] [Thread-4  ]: Began compiling node model.Joy_dbt_project.bronze_sale
[0m00:33:45.356765 [debug] [Thread-4  ]: Writing injected SQL for node "model.Joy_dbt_project.bronze_sale"
[0m00:33:45.357762 [debug] [Thread-4  ]: Began executing node model.Joy_dbt_project.bronze_sale
[0m00:33:45.359797 [debug] [Thread-4  ]: MATERIALIZING VIEW
[0m00:33:45.361796 [debug] [Thread-4  ]: Creating view `dbt_dev`.`bronze`.`bronze_sale`
[0m00:33:45.362796 [debug] [Thread-4  ]: Writing runtime sql for node "model.Joy_dbt_project.bronze_sale"
[0m00:33:45.363794 [debug] [Thread-4  ]: Using databricks connection "model.Joy_dbt_project.bronze_sale"
[0m00:33:45.363794 [debug] [Thread-4  ]: On model.Joy_dbt_project.bronze_sale: /* {"app": "dbt", "dbt_version": "1.10.22", "dbt_databricks_version": "1.10.9", "databricks_sql_connector_version": "4.3.0", "profile_name": "Joy_dbt_project", "target_name": "dev", "node_id": "model.Joy_dbt_project.bronze_sale"} */

  
  
  create or replace view `dbt_dev`.`bronze`.`bronze_sale`
  
  as (
    Select * from `dbt_dev`.`source`.`fact_sales`
  )

[0m00:33:45.364799 [debug] [Thread-4  ]: Opening a new connection, currently in state init
[0m00:33:46.563949 [debug] [Thread-4  ]: Databricks adapter: Connection(session-id=01f18212-3cc4-14d9-9538-c49988f62b51) - Created
[0m00:33:47.695316 [debug] [Thread-4  ]: SQL status: OK in 2.330 seconds
[0m00:33:47.697314 [debug] [Thread-4  ]: Databricks adapter: Cursor(session-id=01f18212-3cc4-14d9-9538-c49988f62b51, command-id=01f18212-3cf6-15fa-81d6-20c0a78f7c2f) - Closing
[0m00:33:47.698314 [debug] [Thread-4  ]: Applying tags to relation None
[0m00:33:47.699313 [debug] [Thread-4  ]: On model.Joy_dbt_project.bronze_sale: Close
[0m00:33:47.699313 [debug] [Thread-4  ]: Databricks adapter: Connection(session-id=01f18212-3cc4-14d9-9538-c49988f62b51) - Closing
[0m00:33:48.037538 [debug] [Thread-4  ]: Sending event: {'category': 'dbt', 'action': 'run_model', 'label': 'd84b3d2c-f37e-4b25-87d2-2ba13a1c6ae8', 'context': [<snowplow_tracker.self_describing_json.SelfDescribingJson object at 0x000001C374339B80>]}
[0m00:33:48.038536 [info ] [Thread-4  ]: 2 of 2 OK created sql view model bronze.bronze_sale ............................ [[32mOK[0m in 2.68s]
[0m00:33:48.038536 [debug] [Thread-4  ]: Finished running node model.Joy_dbt_project.bronze_sale
[0m00:33:48.039948 [debug] [MainThread]: Databricks adapter: DatabricksDBTConnection(session-id=None, name=master) - Creating connection
[0m00:33:48.039948 [debug] [MainThread]: Acquiring new databricks connection 'master'
[0m00:33:48.040953 [info ] [MainThread]: 
[0m00:33:48.040953 [info ] [MainThread]: Finished running 2 view models in 0 hours 0 minutes and 14.29 seconds (14.29s).
[0m00:33:48.042380 [debug] [MainThread]: Command end result
[0m00:33:48.065054 [debug] [MainThread]: Wrote artifact WritableManifest to D:\Software\databuildtool\joy_dbt_project\target\manifest.json
[0m00:33:48.067055 [debug] [MainThread]: Wrote artifact SemanticManifest to D:\Software\databuildtool\joy_dbt_project\target\semantic_manifest.json
[0m00:33:48.072541 [debug] [MainThread]: Wrote artifact RunExecutionResult to D:\Software\databuildtool\joy_dbt_project\target\run_results.json
[0m00:33:48.072541 [info ] [MainThread]: 
[0m00:33:48.073543 [info ] [MainThread]: [32mCompleted successfully[0m
[0m00:33:48.073543 [info ] [MainThread]: 
[0m00:33:48.074550 [info ] [MainThread]: Done. PASS=2 WARN=0 ERROR=0 SKIP=0 NO-OP=0 TOTAL=2
[0m00:33:48.075547 [debug] [MainThread]: Command `dbt run` succeeded at 00:33:48.075547 after 17.24 seconds
[0m00:33:48.075547 [debug] [MainThread]: Sending event: {'category': 'dbt', 'action': 'invocation', 'label': 'end', 'context': [<snowplow_tracker.self_describing_json.SelfDescribingJson object at 0x000001C374460DF0>, <snowplow_tracker.self_describing_json.SelfDescribingJson object at 0x000001C31A15A5E0>, <snowplow_tracker.self_describing_json.SelfDescribingJson object at 0x000001C3747EB250>]}
[0m00:33:48.076544 [debug] [MainThread]: Flushing usage events
[0m00:33:49.284446 [debug] [MainThread]: An error was encountered while trying to flush usage events
[0m20:45:30.030607 [debug] [MainThread]: Sending event: {'category': 'dbt', 'action': 'invocation', 'label': 'start', 'context': [<snowplow_tracker.self_describing_json.SelfDescribingJson object at 0x000002C715BB7DF0>, <snowplow_tracker.self_describing_json.SelfDescribingJson object at 0x000002C717E502B0>, <snowplow_tracker.self_describing_json.SelfDescribingJson object at 0x000002C717E50040>]}


============================== 20:45:30.034610 | 07fbf095-c876-4dba-ae7c-8a3132db0efd ==============================
[0m20:45:30.034610 [info ] [MainThread]: Running with dbt=1.10.22
[0m20:45:30.035611 [debug] [MainThread]: running dbt with arguments {'fail_fast': 'False', 'debug': 'False', 'log_cache_events': 'False', 'send_anonymous_usage_stats': 'True', 'cache_selected_only': 'False', 'warn_error_options': 'WarnErrorOptionsV2(error=[], warn=[], silence=[])', 'log_format': 'default', 'target_path': 'None', 'version_check': 'True', 'empty': 'None', 'printer_width': '80', 'partial_parse': 'True', 'log_path': 'd:\\Software\\databuildtool\\Joy_dbt_project\\logs', 'quiet': 'False', 'warn_error': 'None', 'write_json': 'True', 'introspect': 'True', 'invocation_command': 'dbt ', 'no_print': 'None', 'static_parser': 'True', 'profiles_dir': 'd:\\Software\\databuildtool\\Joy_dbt_project', 'use_experimental_parser': 'False', 'use_colors': 'True', 'indirect_selection': 'eager'}
[0m20:45:30.149928 [debug] [MainThread]: Sending event: {'category': 'dbt', 'action': 'project_id', 'label': '07fbf095-c876-4dba-ae7c-8a3132db0efd', 'context': [<snowplow_tracker.self_describing_json.SelfDescribingJson object at 0x000002C717E50B20>]}
[0m20:45:30.169597 [info ] [MainThread]: Warning: No packages were found in packages.yml
[0m20:45:30.170603 [info ] [MainThread]: Warning: No packages were found in packages.yml
[0m20:45:30.171608 [debug] [MainThread]: Command `cli deps` succeeded at 20:45:30.171608 after 0.24 seconds
[0m20:45:30.171608 [debug] [MainThread]: Sending event: {'category': 'dbt', 'action': 'invocation', 'label': 'end', 'context': [<snowplow_tracker.self_describing_json.SelfDescribingJson object at 0x000002C715BB7DF0>, <snowplow_tracker.self_describing_json.SelfDescribingJson object at 0x000002C717DF0280>, <snowplow_tracker.self_describing_json.SelfDescribingJson object at 0x000002C717E0EA60>]}
[0m20:45:30.173031 [debug] [MainThread]: Flushing usage events
[0m20:45:31.589996 [debug] [MainThread]: An error was encountered while trying to flush usage events
[0m19:29:30.104279 [debug] [MainThread]: Sending event: {'category': 'dbt', 'action': 'invocation', 'label': 'start', 'context': [<snowplow_tracker.self_describing_json.SelfDescribingJson object at 0x000002C164E06D90>, <snowplow_tracker.self_describing_json.SelfDescribingJson object at 0x000002C1670A0310>, <snowplow_tracker.self_describing_json.SelfDescribingJson object at 0x000002C1670A00A0>]}


============================== 19:29:30.110875 | f63b6ae1-89fb-4fa3-b087-4b0136cd83c9 ==============================
[0m19:29:30.110875 [info ] [MainThread]: Running with dbt=1.10.22
[0m19:29:30.111884 [debug] [MainThread]: running dbt with arguments {'fail_fast': 'False', 'debug': 'False', 'log_cache_events': 'False', 'send_anonymous_usage_stats': 'True', 'cache_selected_only': 'False', 'warn_error_options': 'WarnErrorOptionsV2(error=[], warn=[], silence=[])', 'invocation_command': 'dbt ', 'log_format': 'default', 'version_check': 'True', 'empty': 'None', 'printer_width': '80', 'quiet': 'False', 'introspect': 'True', 'partial_parse': 'True', 'warn_error': 'None', 'write_json': 'True', 'log_path': 'd:\\Software\\databuildtool\\Joy_dbt_project\\logs', 'no_print': 'None', 'target_path': 'None', 'static_parser': 'True', 'profiles_dir': 'd:\\Software\\databuildtool\\Joy_dbt_project', 'use_experimental_parser': 'False', 'use_colors': 'True', 'indirect_selection': 'eager'}
[0m19:29:30.362605 [debug] [MainThread]: Sending event: {'category': 'dbt', 'action': 'project_id', 'label': 'f63b6ae1-89fb-4fa3-b087-4b0136cd83c9', 'context': [<snowplow_tracker.self_describing_json.SelfDescribingJson object at 0x000002C1670A06A0>]}
[0m19:29:30.410145 [info ] [MainThread]: Warning: No packages were found in packages.yml
[0m19:29:30.413161 [info ] [MainThread]: Warning: No packages were found in packages.yml
[0m19:29:30.416156 [debug] [MainThread]: Command `cli deps` succeeded at 19:29:30.415146 after 0.48 seconds
[0m19:29:30.417155 [debug] [MainThread]: Sending event: {'category': 'dbt', 'action': 'invocation', 'label': 'end', 'context': [<snowplow_tracker.self_describing_json.SelfDescribingJson object at 0x000002C164E06D90>, <snowplow_tracker.self_describing_json.SelfDescribingJson object at 0x000002C1670A06A0>, <snowplow_tracker.self_describing_json.SelfDescribingJson object at 0x000002C16705E820>]}
[0m19:29:30.418147 [debug] [MainThread]: Flushing usage events
[0m19:29:31.713717 [debug] [MainThread]: An error was encountered while trying to flush usage events
[0m19:54:59.994915 [debug] [MainThread]: Sending event: {'category': 'dbt', 'action': 'invocation', 'label': 'start', 'context': [<snowplow_tracker.self_describing_json.SelfDescribingJson object at 0x0000010459910E80>, <snowplow_tracker.self_describing_json.SelfDescribingJson object at 0x000001045BBAED60>, <snowplow_tracker.self_describing_json.SelfDescribingJson object at 0x000001045BBAE100>]}


============================== 19:54:59.997923 | cf1ea05e-3709-4cb9-9fe8-fe11ea1b3b31 ==============================
[0m19:54:59.997923 [info ] [MainThread]: Running with dbt=1.10.22
[0m19:54:59.998923 [debug] [MainThread]: running dbt with arguments {'fail_fast': 'False', 'debug': 'False', 'log_cache_events': 'False', 'send_anonymous_usage_stats': 'True', 'warn_error_options': 'WarnErrorOptionsV2(error=[], warn=[], silence=[])', 'cache_selected_only': 'False', 'invocation_command': 'dbt seed', 'target_path': 'None', 'version_check': 'True', 'empty': 'None', 'printer_width': '80', 'partial_parse': 'True', 'introspect': 'True', 'log_path': 'D:\\Software\\databuildtool\\joy_dbt_project\\logs', 'warn_error': 'None', 'write_json': 'True', 'quiet': 'False', 'log_format': 'default', 'no_print': 'None', 'static_parser': 'True', 'profiles_dir': 'D:\\Software\\databuildtool\\joy_dbt_project', 'use_experimental_parser': 'False', 'use_colors': 'True', 'indirect_selection': 'eager'}
[0m19:55:00.521448 [debug] [MainThread]: Spark adapter: Setting pyhive.hive logging to ERROR
[0m19:55:00.522412 [debug] [MainThread]: Spark adapter: Setting thrift.transport logging to ERROR
[0m19:55:00.522412 [debug] [MainThread]: Spark adapter: Setting thrift.protocol logging to ERROR
[0m19:55:01.029385 [debug] [MainThread]: Sending event: {'category': 'dbt', 'action': 'project_id', 'label': 'cf1ea05e-3709-4cb9-9fe8-fe11ea1b3b31', 'context': [<snowplow_tracker.self_describing_json.SelfDescribingJson object at 0x000001045E336E80>]}
[0m19:55:01.075255 [debug] [MainThread]: Sending event: {'category': 'dbt', 'action': 'adapter_info', 'label': 'cf1ea05e-3709-4cb9-9fe8-fe11ea1b3b31', 'context': [<snowplow_tracker.self_describing_json.SelfDescribingJson object at 0x000001047DC39100>]}
[0m19:55:01.075255 [info ] [MainThread]: Registered adapter: databricks=1.10.9
[0m19:55:01.404248 [debug] [MainThread]: checksum: 04c83ee057a648a2f8e380c895ffead170732fa039f068d62b9d36aaeefaf7cc, vars: {}, profile: , target: , version: 1.10.22
[0m19:55:01.607551 [debug] [MainThread]: Partial parsing enabled: 0 files deleted, 0 files added, 0 files changed.
[0m19:55:01.608545 [debug] [MainThread]: Partial parsing enabled, no changes found, skipping parsing
[0m19:55:01.614099 [warn ] [MainThread]: [[33mWARNING[0m]: Configuration paths exist in your dbt_project.yml file which do not apply to any resources.
There are 2 unused configuration paths:
- models.Joy_dbt_project.Silver
- models.Joy_dbt_project.Gold
[0m19:55:01.667569 [debug] [MainThread]: Sending event: {'category': 'dbt', 'action': 'load_project', 'label': 'cf1ea05e-3709-4cb9-9fe8-fe11ea1b3b31', 'context': [<snowplow_tracker.self_describing_json.SelfDescribingJson object at 0x000001047F296130>]}
[0m19:55:01.760196 [debug] [MainThread]: Wrote artifact WritableManifest to D:\Software\databuildtool\joy_dbt_project\target\manifest.json
[0m19:55:01.784316 [debug] [MainThread]: Wrote artifact SemanticManifest to D:\Software\databuildtool\joy_dbt_project\target\semantic_manifest.json
[0m19:55:01.792826 [debug] [MainThread]: Sending event: {'category': 'dbt', 'action': 'resource_counts', 'label': 'cf1ea05e-3709-4cb9-9fe8-fe11ea1b3b31', 'context': [<snowplow_tracker.self_describing_json.SelfDescribingJson object at 0x000001047F2C3880>]}
[0m19:55:01.794332 [info ] [MainThread]: Found 2 models, 5 data tests, 1 seed, 6 sources, 699 macros
[0m19:55:01.794332 [debug] [MainThread]: Sending event: {'category': 'dbt', 'action': 'runnable_timing', 'label': 'cf1ea05e-3709-4cb9-9fe8-fe11ea1b3b31', 'context': [<snowplow_tracker.self_describing_json.SelfDescribingJson object at 0x000001047F23A160>]}
[0m19:55:01.796397 [info ] [MainThread]: 
[0m19:55:01.796397 [info ] [MainThread]: Concurrency: 1 threads (target='dev')
[0m19:55:01.796397 [info ] [MainThread]: 
[0m19:55:01.797354 [debug] [MainThread]: Databricks adapter: DatabricksDBTConnection(session-id=None, name=master) - Creating connection
[0m19:55:01.797354 [debug] [MainThread]: Acquiring new databricks connection 'master'
[0m19:55:01.798353 [debug] [ThreadPool]: Databricks adapter: DatabricksDBTConnection(session-id=None, name=list_dbt_dev) - Creating connection
[0m19:55:01.799562 [debug] [ThreadPool]: Acquiring new databricks connection 'list_dbt_dev'
[0m19:55:01.799562 [debug] [ThreadPool]: Using databricks connection "list_dbt_dev"
[0m19:55:01.799562 [debug] [ThreadPool]: On list_dbt_dev: GetSchemas(database=dbt_dev, schema=None)
[0m19:55:01.800729 [debug] [ThreadPool]: Opening a new connection, currently in state init
[0m19:55:04.340187 [debug] [ThreadPool]: Databricks adapter: Connection(session-id=01f18446-cc09-1441-92fc-0835299d93d7) - Created
[0m19:55:05.755618 [debug] [ThreadPool]: SQL status: OK in 3.950 seconds
[0m19:55:05.756622 [debug] [ThreadPool]: Databricks adapter: Cursor(session-id=01f18446-cc09-1441-92fc-0835299d93d7, command-id=01f18446-cce9-189b-a1c9-c9f92b504354) - Closing
[0m19:55:05.757634 [debug] [ThreadPool]: On list_dbt_dev: Close
[0m19:55:05.757634 [debug] [ThreadPool]: Databricks adapter: Connection(session-id=01f18446-cc09-1441-92fc-0835299d93d7) - Closing
[0m19:55:06.098876 [debug] [ThreadPool]: Databricks adapter: DatabricksDBTConnection(session-id=None, name=list_dbt_dev_bronze) - Creating connection
[0m19:55:06.099928 [debug] [ThreadPool]: Acquiring new databricks connection 'list_dbt_dev_bronze'
[0m19:55:06.125926 [debug] [ThreadPool]: Using databricks connection "list_dbt_dev_bronze"
[0m19:55:06.126873 [debug] [ThreadPool]: On list_dbt_dev_bronze: /* {"app": "dbt", "dbt_version": "1.10.22", "dbt_databricks_version": "1.10.9", "databricks_sql_connector_version": "4.3.0", "profile_name": "Joy_dbt_project", "target_name": "dev", "connection_name": "list_dbt_dev_bronze"} */

    
SELECT
  table_name,
  if(table_type IN ('EXTERNAL', 'MANAGED', 'MANAGED_SHALLOW_CLONE', 'EXTERNAL_SHALLOW_CLONE'), 'table', lower(table_type)) AS table_type,
  lower(data_source_format) AS file_format,
  table_owner,
  if(
    table_type IN (
      'EXTERNAL',
      'MANAGED',
      'MANAGED_SHALLOW_CLONE',
      'EXTERNAL_SHALLOW_CLONE'
    ),
    lower(table_type),
    NULL
  ) AS databricks_table_type
FROM `system`.`information_schema`.`tables`
WHERE table_catalog = 'dbt_dev' 
  AND table_schema = 'bronze'

  
[0m19:55:06.127914 [debug] [ThreadPool]: Opening a new connection, currently in state init
[0m19:55:07.343095 [debug] [ThreadPool]: Databricks adapter: Connection(session-id=01f18446-ce7d-1685-96de-80c44009fe56) - Created
[0m19:55:11.271679 [debug] [ThreadPool]: SQL status: OK in 5.140 seconds
[0m19:55:11.276673 [debug] [ThreadPool]: Databricks adapter: Cursor(session-id=01f18446-ce7d-1685-96de-80c44009fe56, command-id=01f18446-ceb3-1280-bce3-2fda632d1094) - Closing
[0m19:55:11.277674 [debug] [ThreadPool]: On list_dbt_dev_bronze: Close
[0m19:55:11.277674 [debug] [ThreadPool]: Databricks adapter: Connection(session-id=01f18446-ce7d-1685-96de-80c44009fe56) - Closing
[0m19:55:11.599564 [debug] [MainThread]: Sending event: {'category': 'dbt', 'action': 'runnable_timing', 'label': 'cf1ea05e-3709-4cb9-9fe8-fe11ea1b3b31', 'context': [<snowplow_tracker.self_describing_json.SelfDescribingJson object at 0x000001047F290CD0>]}
[0m19:55:11.603566 [debug] [Thread-3  ]: Began running node seed.Joy_dbt_project.lookup
[0m19:55:11.603566 [info ] [Thread-3  ]: 1 of 1 START seed file bronze.lookup ........................................... [RUN]
[0m19:55:11.604604 [debug] [Thread-3  ]: Databricks adapter: DatabricksDBTConnection(session-id=None, name=seed.Joy_dbt_project.lookup) - Creating connection
[0m19:55:11.605565 [debug] [Thread-3  ]: Acquiring new databricks connection 'seed.Joy_dbt_project.lookup'
[0m19:55:11.605565 [debug] [Thread-3  ]: Began compiling node seed.Joy_dbt_project.lookup
[0m19:55:11.606567 [debug] [Thread-3  ]: Began executing node seed.Joy_dbt_project.lookup
[0m19:55:11.612564 [warn ] [Thread-3  ]: [[33mWARNING[0m]: Use revamped materializations based on separating create and insert.  This allows more performant column comments, as well as new column features.
You may opt into the new behavior sooner by setting `flags.use_materialization_v2` to `True` in `dbt_project.yml`.
Visit https://docs.getdbt.com/reference/global-configs/behavior-changes for more information.
[0m19:55:11.613563 [debug] [Thread-3  ]: Sending event: {'category': 'dbt', 'action': 'BehaviorChangeEvent', 'label': 'cf1ea05e-3709-4cb9-9fe8-fe11ea1b3b31', 'context': [<snowplow_tracker.self_describing_json.SelfDescribingJson object at 0x000001047F2DA1F0>]}
[0m19:55:11.654615 [debug] [Thread-3  ]: Using databricks connection "seed.Joy_dbt_project.lookup"
[0m19:55:11.655616 [debug] [Thread-3  ]: On seed.Joy_dbt_project.lookup: /* {"app": "dbt", "dbt_version": "1.10.22", "dbt_databricks_version": "1.10.9", "databricks_sql_connector_version": "4.3.0", "profile_name": "Joy_dbt_project", "target_name": "dev", "node_id": "seed.Joy_dbt_project.lookup"} */

    create  table `dbt_dev`.`bronze`.`lookup` (`customer_id ` bigint ,` customer_name ` string ,` customer_email ` string ,` customer_phone ` string )
    
  using delta
    
    
    
    
    
  
[0m19:55:11.656615 [debug] [Thread-3  ]: Opening a new connection, currently in state init
[0m19:55:12.816271 [debug] [Thread-3  ]: Databricks adapter: Connection(session-id=01f18446-d1c2-1b81-8afc-32d3e85fed76) - Created
[0m19:55:16.231707 [debug] [Thread-3  ]: Databricks adapter: Exception while trying to execute query
/* {"app": "dbt", "dbt_version": "1.10.22", "dbt_databricks_version": "1.10.9", "databricks_sql_connector_version": "4.3.0", "profile_name": "Joy_dbt_project", "target_name": "dev", "node_id": "seed.Joy_dbt_project.lookup"} */

    create  table `dbt_dev`.`bronze`.`lookup` (`customer_id ` bigint ,` customer_name ` string ,` customer_email ` string ,` customer_phone ` string )
    
  using delta
    
    
    
    
    
  
: [DELTA_INVALID_CHARACTERS_IN_COLUMN_NAMES] Found invalid character(s) among ' ,;{}()\n\t=' in the column names of your schema.
Invalid column names: customer_id ,  customer_name ,  customer_email ,  customer_phone .
Please use other characters and try again.
Alternatively, enable Column Mapping to keep using these characters.
Error properties: diagnostic-info=org.apache.hive.service.cli.HiveSQLException: Error running query: [DELTA_INVALID_CHARACTERS_IN_COLUMN_NAMES] com.databricks.sql.transaction.tahoe.DeltaAnalysisException: [DELTA_INVALID_CHARACTERS_IN_COLUMN_NAMES] Found invalid character(s) among ' ,;{}()\n\t=' in the column names of your schema.
Invalid column names: customer_id ,  customer_name ,  customer_email ,  customer_phone .
Please use other characters and try again.
Alternatively, enable Column Mapping to keep using these characters.
	at org.apache.spark.sql.hive.thriftserver.HiveThriftServerErrors$.runningQueryError(HiveThriftServerErrors.scala:58)
	at org.apache.spark.sql.hive.thriftserver.SparkExecuteStatementOperation.$anonfun$execute$1(SparkExecuteStatementOperation.scala:1204)
	at scala.runtime.java8.JFunction0$mcV$sp.apply(JFunction0$mcV$sp.scala:18)
	at com.databricks.unity.UCSEphemeralState$Handle.runWith(UCSEphemeralState.scala:51)
	at com.databricks.unity.HandleImpl.runWith(UCSHandle.scala:128)
	at org.apache.spark.sql.hive.thriftserver.SparkExecuteStatementOperation.org$apache$spark$sql$hive$thriftserver$SparkExecuteStatementOperation$$execute(SparkExecuteStatementOperation.scala:897)
	at org.apache.spark.sql.hive.thriftserver.SparkExecuteStatementOperation$$anon$2$$anon$3.$anonfun$run$6(SparkExecuteStatementOperation.scala:646)
	at scala.runtime.java8.JFunction0$mcV$sp.apply(JFunction0$mcV$sp.scala:18)
	at org.apache.spark.sql.execution.SQLExecution$.withRootExecution(SQLExecution.scala:1449)
	at org.apache.spark.sql.hive.thriftserver.SparkExecuteStatementOperation$$anon$2$$anon$3.$anonfun$run$3(SparkExecuteStatementOperation.scala:646)
	at scala.runtime.java8.JFunction0$mcV$sp.apply(JFunction0$mcV$sp.scala:18)
	at com.databricks.util.TracingSpanUtils$.withTracing(TracingSpanUtils.scala:251)
	at com.databricks.spark.util.DatabricksTracingHelper.withSpan(DatabricksSparkTracingHelper.scala:154)
	at com.databricks.spark.util.DBRTracing$.withSpan(DBRTracing.scala:87)
	at org.apache.spark.sql.hive.thriftserver.ThriftLocalProperties.$anonfun$withLocalProperties$18(ThriftLocalProperties.scala:366)
	at com.databricks.logging.AttributionContextTracing.$anonfun$withAttributionContext$1(AttributionContextTracing.scala:146)
	at com.databricks.logging.AttributionContext$.$anonfun$withValue$1(AttributionContext.scala:349)
	at scala.util.DynamicVariable.withValue(DynamicVariable.scala:59)
	at com.databricks.logging.AttributionContext$.withValue(AttributionContext.scala:345)
	at com.databricks.logging.AttributionContextTracing.withAttributionContext(AttributionContextTracing.scala:144)
	at com.databricks.logging.AttributionContextTracing.withAttributionContext$(AttributionContextTracing.scala:141)
	at com.databricks.spark.util.PublicDBLogging.withAttributionContext(DatabricksSparkUsageLogger.scala:29)
	at com.databricks.logging.AttributionContextTracing.withAttributionTags(AttributionContextTracing.scala:201)
	at com.databricks.logging.AttributionContextTracing.withAttributionTags$(AttributionContextTracing.scala:182)
	at com.databricks.spark.util.PublicDBLogging.withAttributionTags(DatabricksSparkUsageLogger.scala:29)
	at com.databricks.spark.util.PublicDBLogging.withAttributionTags0(DatabricksSparkUsageLogger.scala:108)
	at com.databricks.spark.util.DatabricksSparkUsageLogger.withAttributionTags(DatabricksSparkUsageLogger.scala:215)
	at com.databricks.spark.util.UsageLogging.$anonfun$withAttributionTags$1(UsageLogger.scala:668)
	at com.databricks.spark.util.UsageLogging$.withAttributionTags(UsageLogger.scala:780)
	at com.databricks.spark.util.UsageLogging$.withAttributionTags(UsageLogger.scala:789)
	at com.databricks.spark.util.UsageLogging.withAttributionTags(UsageLogger.scala:668)
	at com.databricks.spark.util.UsageLogging.withAttributionTags$(UsageLogger.scala:666)
	at org.apache.spark.sql.hive.thriftserver.SparkExecuteStatementOperation.withAttributionTags(SparkExecuteStatementOperation.scala:78)
	at org.apache.spark.sql.hive.thriftserver.ThriftLocalProperties.$anonfun$withLocalProperties$15(ThriftLocalProperties.scala:365)
	at com.databricks.spark.util.IdentityClaim$.withClaim(IdentityClaim.scala:48)
	at org.apache.spark.sql.hive.thriftserver.ThriftLocalProperties.withLocalProperties(ThriftLocalProperties.scala:360)
	at org.apache.spark.sql.hive.thriftserver.ThriftLocalProperties.withLocalProperties$(ThriftLocalProperties.scala:180)
	at org.apache.spark.sql.hive.thriftserver.SparkExecuteStatementOperation.withLocalProperties(SparkExecuteStatementOperation.scala:78)
	at org.apache.spark.sql.hive.thriftserver.SparkExecuteStatementOperation$$anon$2$$anon$3.$anonfun$run$2(SparkExecuteStatementOperation.scala:622)
	at scala.runtime.java8.JFunction0$mcV$sp.apply(JFunction0$mcV$sp.scala:18)
	at com.databricks.spark.util.DBRTracing$.withSpanFromParent(DBRTracing.scala:70)
	at org.apache.spark.sql.hive.thriftserver.SparkExecuteStatementOperation$$anon$2$$anon$3.run(SparkExecuteStatementOperation.scala:622)
	at org.apache.spark.sql.hive.thriftserver.SparkExecuteStatementOperation$$anon$2$$anon$3.run(SparkExecuteStatementOperation.scala:595)
	at java.base/java.security.AccessController.doPrivileged(AccessController.java:712)
	at java.base/javax.security.auth.Subject.doAs(Subject.java:439)
	at org.apache.hadoop.security.UserGroupInformation.doAs(UserGroupInformation.java:1953)
	at org.apache.spark.sql.hive.thriftserver.SparkExecuteStatementOperation$$anon$2.run(SparkExecuteStatementOperation.scala:660)
	at java.base/java.util.concurrent.Executors$RunnableAdapter.call(Executors.java:539)
	at java.base/java.util.concurrent.FutureTask.run(FutureTask.java:264)
	at java.base/java.util.concurrent.ThreadPoolExecutor.runWorker(ThreadPoolExecutor.java:1136)
	at java.base/java.util.concurrent.ThreadPoolExecutor$Worker.run(ThreadPoolExecutor.java:635)
	at java.base/java.lang.Thread.run(Thread.java:840)
Caused by: com.databricks.sql.transaction.tahoe.DeltaAnalysisException: [DELTA_INVALID_CHARACTERS_IN_COLUMN_NAMES] Found invalid character(s) among ' ,;{}()\n\t=' in the column names of your schema.
Invalid column names: customer_id ,  customer_name ,  customer_email ,  customer_phone .
Please use other characters and try again.
Alternatively, enable Column Mapping to keep using these characters.
	at com.databricks.sql.transaction.tahoe.DeltaErrorsBase.foundInvalidCharsInColumnNames(DeltaErrors.scala:2577)
	at com.databricks.sql.transaction.tahoe.DeltaErrorsBase.foundInvalidCharsInColumnNames$(DeltaErrors.scala:2576)
	at com.databricks.sql.transaction.tahoe.DeltaErrors$.foundInvalidCharsInColumnNames(DeltaErrors.scala:4431)
	at com.databricks.sql.transaction.tahoe.schema.SchemaUtils$.checkSchemaFieldNames(SchemaUtils.scala:1582)
	at com.databricks.sql.transaction.tahoe.OptimisticTransactionImpl.assertMetadata(OptimisticTransaction.scala:1328)
	at com.databricks.sql.transaction.tahoe.OptimisticTransactionImpl.assertMetadata$(OptimisticTransaction.scala:1311)
	at com.databricks.sql.transaction.tahoe.OptimisticTransaction.assertMetadata(OptimisticTransaction.scala:269)
	at com.databricks.sql.transaction.tahoe.OptimisticTransactionImpl.updateMetadataInternal(OptimisticTransaction.scala:1193)
	at com.databricks.sql.transaction.tahoe.OptimisticTransactionImpl.updateMetadataInternal$(OptimisticTransaction.scala:856)
	at com.databricks.sql.transaction.tahoe.OptimisticTransaction.updateMetadataInternal(OptimisticTransaction.scala:269)
	at com.databricks.sql.transaction.tahoe.OptimisticTransactionImpl.updateMetadata(OptimisticTransaction.scala:795)
	at com.databricks.sql.transaction.tahoe.OptimisticTransactionImpl.updateMetadata$(OptimisticTransaction.scala:768)
	at com.databricks.sql.transaction.tahoe.OptimisticTransaction.updateMetadata(OptimisticTransaction.scala:269)
	at com.databricks.sql.transaction.tahoe.OptimisticTransactionImpl.updateMetadataForNewTable(OptimisticTransaction.scala:1213)
	at com.databricks.sql.transaction.tahoe.OptimisticTransactionImpl.updateMetadataForNewTable$(OptimisticTransaction.scala:1211)
	at com.databricks.sql.transaction.tahoe.OptimisticTransaction.updateMetadataForNewTable(OptimisticTransaction.scala:269)
	at com.databricks.sql.transaction.tahoe.commands.CreateDeltaTableCommand.createActionsForNewTableOrVerify$1(CreateDeltaTableCommand.scala:1122)
	at com.databricks.sql.transaction.tahoe.commands.CreateDeltaTableCommand.handleCreateTable(CreateDeltaTableCommand.scala:1163)
	at com.databricks.sql.transaction.tahoe.commands.CreateDeltaTableCommand.$anonfun$handleCommit$1(CreateDeltaTableCommand.scala:530)
	at com.databricks.sql.transaction.tahoe.OptimisticTransaction$.withActive(OptimisticTransaction.scala:314)
	at com.databricks.sql.transaction.tahoe.commands.CreateDeltaTableCommand.handleCommit(CreateDeltaTableCommand.scala:441)
	at com.databricks.sql.transaction.tahoe.commands.CreateDeltaTableCommand.$anonfun$run$8(CreateDeltaTableCommand.scala:344)
	at com.databricks.sql.transaction.tahoe.metering.DeltaLogging.withOperationTypeTag(DeltaLogging.scala:854)
	at com.databricks.sql.transaction.tahoe.metering.DeltaLogging.withOperationTypeTag$(DeltaLogging.scala:841)
	at com.databricks.sql.transaction.tahoe.commands.CreateDeltaTableCommand.withOperationTypeTag(CreateDeltaTableCommand.scala:108)
	at com.databricks.sql.transaction.tahoe.metering.DeltaLogging.$anonfun$recordDeltaOperationInternal$2(DeltaLogging.scala:527)
	at com.databricks.spark.util.FrameProfiler$.$anonfun$record$1(FrameProfiler.scala:114)
	at com.databricks.spark.util.FrameProfilerExporter$.maybeExportFrameProfiler(FrameProfilerExporter.scala:146)
	at com.databricks.spark.util.FrameProfiler$.record(FrameProfiler.scala:105)
	at com.databricks.sql.transaction.tahoe.metering.DeltaLogging.recordFrameProfileWithCallSite(DeltaLogging.scala:969)
	at com.databricks.sql.transaction.tahoe.metering.DeltaLogging.recordFrameProfileWithCallSite$(DeltaLogging.scala:966)
	at com.databricks.sql.transaction.tahoe.commands.CreateDeltaTableCommand.recordFrameProfileWithCallSite(CreateDeltaTableCommand.scala:108)
	at com.databricks.sql.transaction.tahoe.metering.DeltaLogging.$anonfun$recordDeltaOperationInternal$1(DeltaLogging.scala:526)
	at com.databricks.logging.UsageLogging.$anonfun$recordOperation$1(UsageLogging.scala:531)
	at com.databricks.logging.UsageLogging.executeThunkAndCaptureResultTags$1(UsageLogging.scala:669)
	at com.databricks.logging.UsageLogging.$anonfun$recordOperationWithResultTags$6(UsageLogging.scala:696)
	at com.databricks.logging.AttributionContextTracing.$anonfun$withAttributionContext$1(AttributionContextTracing.scala:146)
	at com.databricks.logging.AttributionContext$.$anonfun$withValue$1(AttributionContext.scala:349)
	at scala.util.DynamicVariable.withValue(DynamicVariable.scala:59)
	at com.databricks.logging.AttributionContext$.withValue(AttributionContext.scala:345)
	at com.databricks.logging.AttributionContextTracing.withAttributionContext(AttributionContextTracing.scala:144)
	at com.databricks.logging.AttributionContextTracing.withAttributionContext$(AttributionContextTracing.scala:141)
	at com.databricks.spark.util.PublicDBLogging.withAttributionContext(DatabricksSparkUsageLogger.scala:29)
	at com.databricks.logging.AttributionContextTracing.withAttributionTags(AttributionContextTracing.scala:201)
	at com.databricks.logging.AttributionContextTracing.withAttributionTags$(AttributionContextTracing.scala:182)
	at com.databricks.spark.util.PublicDBLogging.withAttributionTags(DatabricksSparkUsageLogger.scala:29)
	at com.databricks.logging.UsageLogging.$anonfun$recordOperationWithResultTags$5(UsageLogging.scala:664)
	at com.databricks.logging.UsageLogging.withOtelSpanInContext$1(UsageLogging.scala:656)
	at com.databricks.logging.UsageLogging.recordOperationWithResultTags(UsageLogging.scala:659)
	at com.databricks.logging.UsageLogging.recordOperationWithResultTags$(UsageLogging.scala:540)
	at com.databricks.spark.util.PublicDBLogging.recordOperationWithResultTags(DatabricksSparkUsageLogger.scala:29)
	at com.databricks.logging.UsageLogging.recordOperation(UsageLogging.scala:532)
	at com.databricks.logging.UsageLogging.recordOperation$(UsageLogging.scala:496)
	at com.databricks.spark.util.PublicDBLogging.recordOperation(DatabricksSparkUsageLogger.scala:29)
	at com.databricks.spark.util.PublicDBLogging.recordOperation0(DatabricksSparkUsageLogger.scala:104)
	at com.databricks.spark.util.DatabricksSparkUsageLogger.recordOperation(DatabricksSparkUsageLogger.scala:193)
	at com.databricks.spark.util.UsageLogger.recordOperation(UsageLogger.scala:78)
	at com.databricks.spark.util.UsageLogger.recordOperation$(UsageLogger.scala:65)
	at com.databricks.spark.util.DatabricksSparkUsageLogger.recordOperation(DatabricksSparkUsageLogger.scala:152)
	at com.databricks.spark.util.UsageLogging.recordOperation(UsageLogger.scala:537)
	at com.databricks.spark.util.UsageLogging.recordOperation$(UsageLogger.scala:516)
	at com.databricks.sql.transaction.tahoe.commands.CreateDeltaTableCommand.recordOperation(CreateDeltaTableCommand.scala:108)
	at com.databricks.sql.transaction.tahoe.metering.DeltaLogging.recordDeltaOperationInternal(DeltaLogging.scala:525)
	at com.databricks.sql.transaction.tahoe.metering.DeltaLogging.recordDeltaOperation(DeltaLogging.scala:515)
	at com.databricks.sql.transaction.tahoe.metering.DeltaLogging.recordDeltaOperation$(DeltaLogging.scala:504)
	at com.databricks.sql.transaction.tahoe.commands.CreateDeltaTableCommand.recordDeltaOperation(CreateDeltaTableCommand.scala:108)
	at com.databricks.sql.transaction.tahoe.commands.CreateDeltaTableCommand.run(CreateDeltaTableCommand.scala:298)
	at com.databricks.sql.transaction.tahoe.catalog.AbstractDeltaCatalog.$anonfun$createDeltaTable$1(AbstractDeltaCatalog.scala:1039)
	at com.databricks.spark.util.FrameProfiler$.$anonfun$record$1(FrameProfiler.scala:114)
	at com.databricks.spark.util.FrameProfilerExporter$.maybeExportFrameProfiler(FrameProfilerExporter.scala:146)
	at com.databricks.spark.util.FrameProfiler$.record(FrameProfiler.scala:105)
	at com.databricks.sql.transaction.tahoe.metering.DeltaLogging.recordFrameProfileWithCallSite(DeltaLogging.scala:969)
	at com.databricks.sql.transaction.tahoe.metering.DeltaLogging.recordFrameProfileWithCallSite$(DeltaLogging.scala:966)
	at com.databricks.sql.transaction.tahoe.catalog.AbstractDeltaCatalog.recordFrameProfileWithCallSite(AbstractDeltaCatalog.scala:200)
	at com.databricks.sql.transaction.tahoe.catalog.AbstractDeltaCatalog.com$databricks$sql$transaction$tahoe$catalog$AbstractDeltaCatalog$$createDeltaTable(AbstractDeltaCatalog.scala:431)
	at com.databricks.sql.transaction.tahoe.catalog.AbstractDeltaCatalog.$anonfun$createTableWithRowColumnControls$1(AbstractDeltaCatalog.scala:1903)
	at com.databricks.spark.util.FrameProfiler$.$anonfun$record$1(FrameProfiler.scala:114)
	at com.databricks.spark.util.FrameProfilerExporter$.maybeExportFrameProfiler(FrameProfilerExporter.scala:146)
	at com.databricks.spark.util.FrameProfiler$.record(FrameProfiler.scala:105)
	at com.databricks.sql.transaction.tahoe.metering.DeltaLogging.recordFrameProfileWithCallSite(DeltaLogging.scala:969)
	at com.databricks.sql.transaction.tahoe.metering.DeltaLogging.recordFrameProfileWithCallSite$(DeltaLogging.scala:966)
	at com.databricks.sql.transaction.tahoe.catalog.AbstractDeltaCatalog.recordFrameProfileWithCallSite(AbstractDeltaCatalog.scala:200)
	at com.databricks.sql.transaction.tahoe.catalog.AbstractDeltaCatalog.createTableWithRowColumnControls(AbstractDeltaCatalog.scala:1847)
	at com.databricks.sql.transaction.tahoe.catalog.DeltaCatalogWithIcebergSupport.createTableWithRowColumnControls(DeltaCatalogWithIcebergSupport.scala:97)
	at com.databricks.sql.managedcatalog.UnityCatalogV2Proxy.createTableWithRowColumnControls(UnityCatalogV2Proxy.scala:304)
	at com.databricks.sql.managedcatalog.UnityCatalogV2Proxy.createTable(UnityCatalogV2Proxy.scala:284)
	at org.apache.spark.sql.execution.datasources.v2.CreateTableExec.run(CreateTableExec.scala:69)
	at org.apache.spark.sql.execution.datasources.v2.V2CommandExec.$anonfun$result$2(V2CommandExec.scala:48)
	at org.apache.spark.sql.execution.SparkPlan.runCommandInAetherOrSpark(SparkPlan.scala:202)
	at org.apache.spark.sql.execution.datasources.v2.V2CommandExec.$anonfun$result$1(V2CommandExec.scala:48)
	at com.databricks.spark.util.FrameProfiler$.$anonfun$record$1(FrameProfiler.scala:114)
	at com.databricks.spark.util.FrameProfilerExporter$.maybeExportFrameProfiler(FrameProfilerExporter.scala:146)
	at com.databricks.spark.util.FrameProfiler$.record(FrameProfiler.scala:105)
	at org.apache.spark.sql.execution.datasources.v2.V2CommandExec.result$lzycompute(V2CommandExec.scala:47)
	at org.apache.spark.sql.execution.datasources.v2.V2CommandExec.result(V2CommandExec.scala:45)
	at org.apache.spark.sql.execution.datasources.v2.V2CommandExec.executeCollect(V2CommandExec.scala:56)
	at org.apache.spark.sql.execution.QueryExecution$.$anonfun$runCommand$12(QueryExecution.scala:1969)
	at com.databricks.util.LexicalThreadLocal$Handle.runWith(LexicalThreadLocal.scala:63)
	at org.apache.spark.sql.execution.QueryExecution$.$anonfun$runCommand$11(QueryExecution.scala:1963)
	at com.databricks.util.LexicalThreadLocal$Handle.runWith(LexicalThreadLocal.scala:63)
	at org.apache.spark.sql.execution.QueryExecution$.executeWithCaches$1(QueryExecution.scala:1963)
	at org.apache.spark.sql.execution.QueryExecution$.$anonfun$runCommand$10(QueryExecution.scala:1969)
	at org.apache.spark.sql.catalyst.QueryPlanningTracker$.withTracker(QueryPlanningTracker.scala:267)
	at org.apache.spark.sql.execution.QueryExecution$.$anonfun$runCommand$9(QueryExecution.scala:1956)
	at org.apache.spark.sql.execution.SQLExecution$.$anonfun$withNewExecutionId0$23(SQLExecution.scala:1096)
	at com.databricks.sql.util.MemoryTrackerHelper.withMemoryTracking(MemoryTrackerHelper.scala:111)
	at org.apache.spark.sql.execution.SQLExecution$.$anonfun$withNewExecutionId0$21(SQLExecution.scala:1016)
	at com.databricks.unity.UCSManager$.withTemporaryScope(UCSManager.scala:168)
	at org.apache.spark.sql.execution.SQLExecution$.$anonfun$withNewExecutionId0$20(SQLExecution.scala:918)
	at org.apache.spark.sql.execution.SQLExecution$.withSessionTagsApplied(SQLExecution.scala:1523)
	at org.apache.spark.sql.execution.SQLExecution$.$anonfun$withNewExecutionId0$19(SQLExecution.scala:907)
	at org.apache.spark.JobArtifactSet$.withActiveJobArtifactState(JobArtifactSet.scala:97)
	at org.apache.spark.sql.artifact.ArtifactManager.$anonfun$withResources$1(ArtifactManager.scala:124)
	at org.apache.spark.sql.artifact.ArtifactManager.withClassLoaderIfNeeded(ArtifactManager.scala:118)
	at org.apache.spark.sql.artifact.ArtifactManager.withResources(ArtifactManager.scala:123)
	at org.apache.spark.sql.execution.SQLExecution$.$anonfun$withNewExecutionId0$18(SQLExecution.scala:907)
	at org.apache.spark.sql.execution.SQLExecution$.withSQLConfPropagated(SQLExecution.scala:1558)
	at org.apache.spark.sql.execution.SQLExecution$.$anonfun$withNewExecutionId0$1(SQLExecution.scala:906)
	at org.apache.spark.sql.SparkSession.withActive(SparkSession.scala:866)
	at org.apache.spark.sql.execution.SQLExecution$.withNewExecutionId0(SQLExecution.scala:648)
	at org.apache.spark.sql.execution.SQLExecution$.withNewExecutionId(SQLExecution.scala:1476)
	at org.apache.spark.sql.execution.QueryExecution$.$anonfun$runCommand$8(QueryExecution.scala:1956)
	at org.apache.spark.sql.execution.QueryExecution$.withInternalError(QueryExecution.scala:1821)
	at org.apache.spark.sql.execution.QueryExecution$.$anonfun$runCommand$7(QueryExecution.scala:1952)
	at org.apache.spark.sql.execution.QueryExecution.withMVTagsIfNecessary(QueryExecution.scala:709)
	at org.apache.spark.sql.execution.QueryExecution$.$anonfun$runCommand$4(QueryExecution.scala:1937)
	at scala.Option.map(Option.scala:242)
	at org.apache.spark.sql.execution.QueryExecution$.executeWithMVTags$1(QueryExecution.scala:1937)
	at org.apache.spark.sql.execution.QueryExecution$.runCommand(QueryExecution.scala:1950)
	at org.apache.spark.sql.execution.QueryExecution.org$apache$spark$sql$execution$QueryExecution$$eagerlyExecute$1(QueryExecution.scala:746)
	at org.apache.spark.sql.execution.QueryExecution$$anonfun$$nestedInanonfun$eagerlyExecuteCommands$1$1.applyOrElse(QueryExecution.scala:763)
	at org.apache.spark.sql.execution.QueryExecution$$anonfun$$nestedInanonfun$eagerlyExecuteCommands$1$1.applyOrElse(QueryExecution.scala:755)
	at org.apache.spark.sql.catalyst.trees.TreeNode.$anonfun$transformDownWithPruning$1(TreeNode.scala:610)
	at org.apache.spark.sql.catalyst.trees.CurrentOrigin$.withOrigin(origin.scala:142)
	at org.apache.spark.sql.catalyst.trees.TreeNode.transformDownWithPruning(TreeNode.scala:610)
	at org.apache.spark.sql.catalyst.plans.logical.LogicalPlan.org$apache$spark$sql$catalyst$plans$logical$AnalysisHelper$$super$transformDownWithPruning(LogicalPlan.scala:48)
	at org.apache.spark.sql.catalyst.plans.logical.AnalysisHelper.transformDownWithPruning(AnalysisHelper.scala:361)
	at org.apache.spark.sql.catalyst.plans.logical.AnalysisHelper.transformDownWithPruning$(AnalysisHelper.scala:357)
	at org.apache.spark.sql.catalyst.plans.logical.LogicalPlan.transformDownWithPruning(LogicalPlan.scala:48)
	at org.apache.spark.sql.catalyst.plans.logical.LogicalPlan.transformDownWithPruning(LogicalPlan.scala:48)
	at org.apache.spark.sql.catalyst.trees.TreeNode.transformDown(TreeNode.scala:586)
	at org.apache.spark.sql.execution.QueryExecution.$anonfun$eagerlyExecuteCommands$1(QueryExecution.scala:755)
	at org.apache.spark.sql.catalyst.plans.logical.AnalysisHelper$.allowInvokingTransformsInAnalyzer(AnalysisHelper.scala:418)
	at org.apache.spark.sql.execution.QueryExecution.eagerlyExecuteCommands(QueryExecution.scala:755)
	at org.apache.spark.sql.execution.QueryExecution.$anonfun$lazyCommandExecuted$1(QueryExecution.scala:665)
	at scala.util.Try$.apply(Try.scala:217)
	at org.apache.spark.util.Utils$.doTryWithCallerStacktrace(Utils.scala:1796)
	at org.apache.spark.util.Utils$.getTryWithCallerStacktrace(Utils.scala:1846)
	at org.apache.spark.util.LazyTry.get(LazyTry.scala:78)
	at org.apache.spark.sql.execution.QueryExecution.commandExecuted(QueryExecution.scala:670)
	at org.apache.spark.sql.classic.Dataset.<init>(Dataset.scala:437)
	at org.apache.spark.sql.classic.Dataset.<init>(Dataset.scala:417)
	at org.apache.spark.sql.hive.thriftserver.SparkExecuteStatementOperation.$anonfun$getOrCreateDF$1(SparkExecuteStatementOperation.scala:751)
	at org.apache.spark.sql.hive.thriftserver.SparkExecuteStatementOperation.withSuspendedQueryHangingDetection(SparkExecuteStatementOperation.scala:201)
	at org.apache.spark.sql.hive.thriftserver.SparkExecuteStatementOperation.getOrCreateDF(SparkExecuteStatementOperation.scala:749)
	at org.apache.spark.sql.hive.thriftserver.SparkExecuteStatementOperation.analyzeQuery(SparkExecuteStatementOperation.scala:779)
	at org.apache.spark.sql.hive.thriftserver.SparkExecuteStatementOperation.$anonfun$execute$6(SparkExecuteStatementOperation.scala:973)
	at org.apache.spark.util.Utils$.timeTakenMs(Utils.scala:599)
	at org.apache.spark.sql.hive.thriftserver.SparkExecuteStatementOperation.$anonfun$execute$1(SparkExecuteStatementOperation.scala:973)
	... 50 more
, operation-id=01f18446-d1f4-1df2-a53b-1149e0c36e52
[0m19:55:16.234708 [debug] [Thread-3  ]: On seed.Joy_dbt_project.lookup: Close
[0m19:55:16.235709 [debug] [Thread-3  ]: Databricks adapter: Connection(session-id=01f18446-d1c2-1b81-8afc-32d3e85fed76) - Closing
[0m19:55:16.657693 [debug] [Thread-3  ]: Database Error in seed lookup (seeds\lookup.csv)
  [DELTA_INVALID_CHARACTERS_IN_COLUMN_NAMES] Found invalid character(s) among ' ,;{}()\n\t=' in the column names of your schema.
  Invalid column names: customer_id ,  customer_name ,  customer_email ,  customer_phone .
  Please use other characters and try again.
  Alternatively, enable Column Mapping to keep using these characters.
[0m19:55:16.659653 [debug] [Thread-3  ]: Sending event: {'category': 'dbt', 'action': 'run_model', 'label': 'cf1ea05e-3709-4cb9-9fe8-fe11ea1b3b31', 'context': [<snowplow_tracker.self_describing_json.SelfDescribingJson object at 0x00000104597F7370>]}
[0m19:55:16.660696 [error] [Thread-3  ]: 1 of 1 ERROR loading seed file bronze.lookup ................................... [[31mERROR[0m in 5.05s]
[0m19:55:16.660696 [debug] [Thread-3  ]: Finished running node seed.Joy_dbt_project.lookup
[0m19:55:16.661657 [debug] [Thread-6  ]: Marking all children of 'seed.Joy_dbt_project.lookup' to be skipped because of status 'error'.  Reason: Database Error in seed lookup (seeds\lookup.csv)
  [DELTA_INVALID_CHARACTERS_IN_COLUMN_NAMES] Found invalid character(s) among ' ,;{}()\n\t=' in the column names of your schema.
  Invalid column names: customer_id ,  customer_name ,  customer_email ,  customer_phone .
  Please use other characters and try again.
  Alternatively, enable Column Mapping to keep using these characters..
[0m19:55:16.662687 [debug] [MainThread]: Databricks adapter: DatabricksDBTConnection(session-id=None, name=master) - Creating connection
[0m19:55:16.663653 [debug] [MainThread]: Acquiring new databricks connection 'master'
[0m19:55:16.663653 [info ] [MainThread]: 
[0m19:55:16.664653 [info ] [MainThread]: Finished running 1 seed in 0 hours 0 minutes and 14.87 seconds (14.87s).
[0m19:55:16.664653 [debug] [MainThread]: Command end result
[0m19:55:16.687656 [debug] [MainThread]: Wrote artifact WritableManifest to D:\Software\databuildtool\joy_dbt_project\target\manifest.json
[0m19:55:16.689656 [debug] [MainThread]: Wrote artifact SemanticManifest to D:\Software\databuildtool\joy_dbt_project\target\semantic_manifest.json
[0m19:55:16.695218 [debug] [MainThread]: Wrote artifact RunExecutionResult to D:\Software\databuildtool\joy_dbt_project\target\run_results.json
[0m19:55:16.696220 [info ] [MainThread]: 
[0m19:55:16.696220 [info ] [MainThread]: [31mCompleted with 1 error, 0 partial successes, and 0 warnings:[0m
[0m19:55:16.697695 [info ] [MainThread]: 
[0m19:55:16.697695 [error] [MainThread]: [31mFailure in seed lookup (seeds\lookup.csv)[0m
[0m19:55:16.698699 [error] [MainThread]:   Database Error in seed lookup (seeds\lookup.csv)
  [DELTA_INVALID_CHARACTERS_IN_COLUMN_NAMES] Found invalid character(s) among ' ,;{}()\n\t=' in the column names of your schema.
  Invalid column names: customer_id ,  customer_name ,  customer_email ,  customer_phone .
  Please use other characters and try again.
  Alternatively, enable Column Mapping to keep using these characters.
[0m19:55:16.698699 [info ] [MainThread]: 
[0m19:55:16.699706 [info ] [MainThread]: Done. PASS=0 WARN=0 ERROR=1 SKIP=0 NO-OP=0 TOTAL=1
[0m19:55:16.699706 [debug] [MainThread]: Command `dbt seed` failed at 19:55:16.699706 after 16.79 seconds
[0m19:55:16.700736 [debug] [MainThread]: Sending event: {'category': 'dbt', 'action': 'invocation', 'label': 'end', 'context': [<snowplow_tracker.self_describing_json.SelfDescribingJson object at 0x0000010459910E80>, <snowplow_tracker.self_describing_json.SelfDescribingJson object at 0x000001047DC39100>, <snowplow_tracker.self_describing_json.SelfDescribingJson object at 0x0000010459434790>]}
[0m19:55:16.700736 [debug] [MainThread]: Flushing usage events
[0m19:55:17.780787 [debug] [MainThread]: An error was encountered while trying to flush usage events
[0m19:57:06.433563 [debug] [MainThread]: Sending event: {'category': 'dbt', 'action': 'invocation', 'label': 'start', 'context': [<snowplow_tracker.self_describing_json.SelfDescribingJson object at 0x000001F226440E20>, <snowplow_tracker.self_describing_json.SelfDescribingJson object at 0x000001F2286DED90>, <snowplow_tracker.self_describing_json.SelfDescribingJson object at 0x000001F2286DE070>]}


============================== 19:57:06.435559 | 18506a2d-ed28-494d-94e7-0767689e52d9 ==============================
[0m19:57:06.435559 [info ] [MainThread]: Running with dbt=1.10.22
[0m19:57:06.437062 [debug] [MainThread]: running dbt with arguments {'debug': 'False', 'fail_fast': 'False', 'log_cache_events': 'False', 'send_anonymous_usage_stats': 'True', 'warn_error_options': 'WarnErrorOptionsV2(error=[], warn=[], silence=[])', 'cache_selected_only': 'False', 'log_format': 'default', 'invocation_command': 'dbt seed', 'version_check': 'True', 'empty': 'None', 'printer_width': '80', 'partial_parse': 'True', 'introspect': 'True', 'log_path': 'D:\\Software\\databuildtool\\joy_dbt_project\\logs', 'warn_error': 'None', 'write_json': 'True', 'target_path': 'None', 'no_print': 'None', 'quiet': 'False', 'static_parser': 'True', 'profiles_dir': 'D:\\Software\\databuildtool\\joy_dbt_project', 'use_experimental_parser': 'False', 'use_colors': 'True', 'indirect_selection': 'eager'}
[0m19:57:06.968261 [debug] [MainThread]: Spark adapter: Setting pyhive.hive logging to ERROR
[0m19:57:06.968261 [debug] [MainThread]: Spark adapter: Setting thrift.transport logging to ERROR
[0m19:57:06.969260 [debug] [MainThread]: Spark adapter: Setting thrift.protocol logging to ERROR
[0m19:57:07.470081 [debug] [MainThread]: Sending event: {'category': 'dbt', 'action': 'project_id', 'label': '18506a2d-ed28-494d-94e7-0767689e52d9', 'context': [<snowplow_tracker.self_describing_json.SelfDescribingJson object at 0x000001F24A850E80>]}
[0m19:57:07.516073 [debug] [MainThread]: Sending event: {'category': 'dbt', 'action': 'adapter_info', 'label': '18506a2d-ed28-494d-94e7-0767689e52d9', 'context': [<snowplow_tracker.self_describing_json.SelfDescribingJson object at 0x000001F24A72B6D0>]}
[0m19:57:07.517080 [info ] [MainThread]: Registered adapter: databricks=1.10.9
[0m19:57:07.744107 [debug] [MainThread]: checksum: 04c83ee057a648a2f8e380c895ffead170732fa039f068d62b9d36aaeefaf7cc, vars: {}, profile: , target: , version: 1.10.22
[0m19:57:07.954205 [debug] [MainThread]: Partial parsing enabled: 0 files deleted, 0 files added, 0 files changed.
[0m19:57:07.955198 [debug] [MainThread]: Partial parsing enabled, no changes found, skipping parsing
[0m19:57:07.962119 [warn ] [MainThread]: [[33mWARNING[0m]: Configuration paths exist in your dbt_project.yml file which do not apply to any resources.
There are 2 unused configuration paths:
- models.Joy_dbt_project.Gold
- models.Joy_dbt_project.Silver
[0m19:57:08.019942 [debug] [MainThread]: Sending event: {'category': 'dbt', 'action': 'load_project', 'label': '18506a2d-ed28-494d-94e7-0767689e52d9', 'context': [<snowplow_tracker.self_describing_json.SelfDescribingJson object at 0x000001F24BDB3FA0>]}
[0m19:57:08.115620 [debug] [MainThread]: Wrote artifact WritableManifest to D:\Software\databuildtool\joy_dbt_project\target\manifest.json
[0m19:57:08.119582 [debug] [MainThread]: Wrote artifact SemanticManifest to D:\Software\databuildtool\joy_dbt_project\target\semantic_manifest.json
[0m19:57:08.127751 [debug] [MainThread]: Sending event: {'category': 'dbt', 'action': 'resource_counts', 'label': '18506a2d-ed28-494d-94e7-0767689e52d9', 'context': [<snowplow_tracker.self_describing_json.SelfDescribingJson object at 0x000001F24BD5E1C0>]}
[0m19:57:08.128760 [info ] [MainThread]: Found 2 models, 5 data tests, 1 seed, 6 sources, 699 macros
[0m19:57:08.128760 [debug] [MainThread]: Sending event: {'category': 'dbt', 'action': 'runnable_timing', 'label': '18506a2d-ed28-494d-94e7-0767689e52d9', 'context': [<snowplow_tracker.self_describing_json.SelfDescribingJson object at 0x000001F24BDB3DF0>]}
[0m19:57:08.130756 [info ] [MainThread]: 
[0m19:57:08.130756 [info ] [MainThread]: Concurrency: 1 threads (target='dev')
[0m19:57:08.131756 [info ] [MainThread]: 
[0m19:57:08.131756 [debug] [MainThread]: Databricks adapter: DatabricksDBTConnection(session-id=None, name=master) - Creating connection
[0m19:57:08.132757 [debug] [MainThread]: Acquiring new databricks connection 'master'
[0m19:57:08.133759 [debug] [ThreadPool]: Databricks adapter: DatabricksDBTConnection(session-id=None, name=list_dbt_dev) - Creating connection
[0m19:57:08.134771 [debug] [ThreadPool]: Acquiring new databricks connection 'list_dbt_dev'
[0m19:57:08.134771 [debug] [ThreadPool]: Using databricks connection "list_dbt_dev"
[0m19:57:08.134771 [debug] [ThreadPool]: On list_dbt_dev: GetSchemas(database=dbt_dev, schema=None)
[0m19:57:08.135757 [debug] [ThreadPool]: Opening a new connection, currently in state init
[0m19:57:10.470997 [debug] [ThreadPool]: Databricks adapter: Connection(session-id=01f18447-1732-15f6-8500-39d5ab7377b1) - Created
[0m19:57:11.098199 [debug] [ThreadPool]: SQL status: OK in 2.960 seconds
[0m19:57:11.099199 [debug] [ThreadPool]: Databricks adapter: Cursor(session-id=01f18447-1732-15f6-8500-39d5ab7377b1, command-id=01f18447-1815-1bd3-bc24-a71ee2a1c588) - Closing
[0m19:57:11.099199 [debug] [ThreadPool]: On list_dbt_dev: Close
[0m19:57:11.100199 [debug] [ThreadPool]: Databricks adapter: Connection(session-id=01f18447-1732-15f6-8500-39d5ab7377b1) - Closing
[0m19:57:11.471198 [debug] [ThreadPool]: Databricks adapter: DatabricksDBTConnection(session-id=None, name=list_dbt_dev_bronze) - Creating connection
[0m19:57:11.471198 [debug] [ThreadPool]: Acquiring new databricks connection 'list_dbt_dev_bronze'
[0m19:57:11.480201 [debug] [ThreadPool]: Using databricks connection "list_dbt_dev_bronze"
[0m19:57:11.481234 [debug] [ThreadPool]: On list_dbt_dev_bronze: /* {"app": "dbt", "dbt_version": "1.10.22", "dbt_databricks_version": "1.10.9", "databricks_sql_connector_version": "4.3.0", "profile_name": "Joy_dbt_project", "target_name": "dev", "connection_name": "list_dbt_dev_bronze"} */

    
SELECT
  table_name,
  if(table_type IN ('EXTERNAL', 'MANAGED', 'MANAGED_SHALLOW_CLONE', 'EXTERNAL_SHALLOW_CLONE'), 'table', lower(table_type)) AS table_type,
  lower(data_source_format) AS file_format,
  table_owner,
  if(
    table_type IN (
      'EXTERNAL',
      'MANAGED',
      'MANAGED_SHALLOW_CLONE',
      'EXTERNAL_SHALLOW_CLONE'
    ),
    lower(table_type),
    NULL
  ) AS databricks_table_type
FROM `system`.`information_schema`.`tables`
WHERE table_catalog = 'dbt_dev' 
  AND table_schema = 'bronze'

  
[0m19:57:11.482200 [debug] [ThreadPool]: Opening a new connection, currently in state init
[0m19:57:12.668115 [debug] [ThreadPool]: Databricks adapter: Connection(session-id=01f18447-1931-1f68-a8c4-7cd8e648867d) - Created
[0m19:57:13.541886 [debug] [ThreadPool]: SQL status: OK in 2.060 seconds
[0m19:57:13.545809 [debug] [ThreadPool]: Databricks adapter: Cursor(session-id=01f18447-1931-1f68-a8c4-7cd8e648867d, command-id=01f18447-1964-1e93-90d3-289bfee981a9) - Closing
[0m19:57:13.546808 [debug] [ThreadPool]: On list_dbt_dev_bronze: Close
[0m19:57:13.546808 [debug] [ThreadPool]: Databricks adapter: Connection(session-id=01f18447-1931-1f68-a8c4-7cd8e648867d) - Closing
[0m19:57:13.875181 [debug] [MainThread]: Sending event: {'category': 'dbt', 'action': 'runnable_timing', 'label': '18506a2d-ed28-494d-94e7-0767689e52d9', 'context': [<snowplow_tracker.self_describing_json.SelfDescribingJson object at 0x000001F24BD96940>]}
[0m19:57:13.878649 [debug] [Thread-3  ]: Began running node seed.Joy_dbt_project.lookup
[0m19:57:13.878649 [info ] [Thread-3  ]: 1 of 1 START seed file bronze.lookup ........................................... [RUN]
[0m19:57:13.879654 [debug] [Thread-3  ]: Databricks adapter: DatabricksDBTConnection(session-id=None, name=seed.Joy_dbt_project.lookup) - Creating connection
[0m19:57:13.879654 [debug] [Thread-3  ]: Acquiring new databricks connection 'seed.Joy_dbt_project.lookup'
[0m19:57:13.880654 [debug] [Thread-3  ]: Began compiling node seed.Joy_dbt_project.lookup
[0m19:57:13.880654 [debug] [Thread-3  ]: Began executing node seed.Joy_dbt_project.lookup
[0m19:57:13.885653 [warn ] [Thread-3  ]: [[33mWARNING[0m]: Use revamped materializations based on separating create and insert.  This allows more performant column comments, as well as new column features.
You may opt into the new behavior sooner by setting `flags.use_materialization_v2` to `True` in `dbt_project.yml`.
Visit https://docs.getdbt.com/reference/global-configs/behavior-changes for more information.
[0m19:57:13.886657 [debug] [Thread-3  ]: Sending event: {'category': 'dbt', 'action': 'BehaviorChangeEvent', 'label': '18506a2d-ed28-494d-94e7-0767689e52d9', 'context': [<snowplow_tracker.self_describing_json.SelfDescribingJson object at 0x000001F24BDF7D30>]}
[0m19:57:13.921656 [debug] [Thread-3  ]: Using databricks connection "seed.Joy_dbt_project.lookup"
[0m19:57:13.922665 [debug] [Thread-3  ]: On seed.Joy_dbt_project.lookup: /* {"app": "dbt", "dbt_version": "1.10.22", "dbt_databricks_version": "1.10.9", "databricks_sql_connector_version": "4.3.0", "profile_name": "Joy_dbt_project", "target_name": "dev", "node_id": "seed.Joy_dbt_project.lookup"} */

    create  table `dbt_dev`.`bronze`.`lookup` (`customer_id` bigint ,`customer_name` string ,`customer_email` string ,`customer_phone` string )
    
  using delta
    
    
    
    
    
  
[0m19:57:13.922665 [debug] [Thread-3  ]: Opening a new connection, currently in state init
[0m19:57:15.406739 [debug] [Thread-3  ]: Databricks adapter: Connection(session-id=01f18447-1ad5-197a-9c29-15c9603e3107) - Created
[0m19:57:18.125345 [debug] [Thread-3  ]: SQL status: OK in 4.200 seconds
[0m19:57:18.126346 [debug] [Thread-3  ]: Databricks adapter: Cursor(session-id=01f18447-1ad5-197a-9c29-15c9603e3107, command-id=01f18447-1b08-10d8-919c-e225d9a21afd) - Closing
[0m19:57:18.136349 [debug] [Thread-3  ]: Using databricks connection "seed.Joy_dbt_project.lookup"
[0m19:57:18.136349 [debug] [Thread-3  ]: On seed.Joy_dbt_project.lookup: 
          insert overwrite `dbt_dev`.`bronze`.`lookup` values
          (%s,%s,%s,%s),(%s,%s,%s,%s),(%s,%s,%s,%s),(%s,%s,%s,%s)
      ...
[0m19:57:27.651945 [debug] [Thread-3  ]: SQL status: OK in 9.510 seconds
[0m19:57:27.652952 [debug] [Thread-3  ]: Databricks adapter: Cursor(session-id=01f18447-1ad5-197a-9c29-15c9603e3107, command-id=01f18447-1ca8-1648-97fc-efe8fc61dbfe) - Closing
[0m19:57:28.021322 [debug] [Thread-3  ]: Writing runtime SQL for node "seed.Joy_dbt_project.lookup"
[0m19:57:28.030838 [debug] [Thread-3  ]: On seed.Joy_dbt_project.lookup: Close
[0m19:57:28.031840 [debug] [Thread-3  ]: Databricks adapter: Connection(session-id=01f18447-1ad5-197a-9c29-15c9603e3107) - Closing
[0m19:57:28.395370 [debug] [Thread-3  ]: Sending event: {'category': 'dbt', 'action': 'run_model', 'label': '18506a2d-ed28-494d-94e7-0767689e52d9', 'context': [<snowplow_tracker.self_describing_json.SelfDescribingJson object at 0x000001F24BED2CA0>]}
[0m19:57:28.396369 [info ] [Thread-3  ]: 1 of 1 OK loaded seed file bronze.lookup ....................................... [[32mINSERT 4[0m in 14.51s]
[0m19:57:28.396369 [debug] [Thread-3  ]: Finished running node seed.Joy_dbt_project.lookup
[0m19:57:28.398368 [debug] [MainThread]: Databricks adapter: DatabricksDBTConnection(session-id=None, name=master) - Creating connection
[0m19:57:28.398368 [debug] [MainThread]: Acquiring new databricks connection 'master'
[0m19:57:28.399368 [info ] [MainThread]: 
[0m19:57:28.399368 [info ] [MainThread]: Finished running 1 seed in 0 hours 0 minutes and 20.27 seconds (20.27s).
[0m19:57:28.399368 [debug] [MainThread]: Command end result
[0m19:57:28.424828 [debug] [MainThread]: Wrote artifact WritableManifest to D:\Software\databuildtool\joy_dbt_project\target\manifest.json
[0m19:57:28.426842 [debug] [MainThread]: Wrote artifact SemanticManifest to D:\Software\databuildtool\joy_dbt_project\target\semantic_manifest.json
[0m19:57:28.433219 [debug] [MainThread]: Wrote artifact RunExecutionResult to D:\Software\databuildtool\joy_dbt_project\target\run_results.json
[0m19:57:28.433219 [info ] [MainThread]: 
[0m19:57:28.434219 [info ] [MainThread]: [32mCompleted successfully[0m
[0m19:57:28.434219 [info ] [MainThread]: 
[0m19:57:28.435227 [info ] [MainThread]: Done. PASS=1 WARN=0 ERROR=0 SKIP=0 NO-OP=0 TOTAL=1
[0m19:57:28.436222 [debug] [MainThread]: Command `dbt seed` succeeded at 19:57:28.435227 after 22.08 seconds
[0m19:57:28.436222 [debug] [MainThread]: Sending event: {'category': 'dbt', 'action': 'invocation', 'label': 'end', 'context': [<snowplow_tracker.self_describing_json.SelfDescribingJson object at 0x000001F226440E20>, <snowplow_tracker.self_describing_json.SelfDescribingJson object at 0x000001F22867AF10>, <snowplow_tracker.self_describing_json.SelfDescribingJson object at 0x000001F24A72B6D0>]}
[0m19:57:28.436222 [debug] [MainThread]: Flushing usage events
[0m19:57:29.608865 [debug] [MainThread]: An error was encountered while trying to flush usage events
[0m11:45:20.177314 [debug] [MainThread]: Sending event: {'category': 'dbt', 'action': 'invocation', 'label': 'start', 'context': [<snowplow_tracker.self_describing_json.SelfDescribingJson object at 0x0000022A20B17DF0>, <snowplow_tracker.self_describing_json.SelfDescribingJson object at 0x0000022A22D7B0D0>, <snowplow_tracker.self_describing_json.SelfDescribingJson object at 0x0000022A22D7B130>]}


============================== 11:45:20.183875 | fb72b0b9-785e-4cad-9174-65f2e00ff859 ==============================
[0m11:45:20.183875 [info ] [MainThread]: Running with dbt=1.10.22
[0m11:45:20.184874 [debug] [MainThread]: running dbt with arguments {'debug': 'False', 'fail_fast': 'False', 'log_cache_events': 'False', 'send_anonymous_usage_stats': 'True', 'cache_selected_only': 'False', 'warn_error_options': 'WarnErrorOptionsV2(error=[], warn=[], silence=[])', 'no_print': 'None', 'target_path': 'None', 'version_check': 'True', 'empty': 'None', 'printer_width': '80', 'partial_parse': 'True', 'log_path': 'd:\\Software\\databuildtool\\Joy_dbt_project\\logs', 'introspect': 'True', 'warn_error': 'None', 'write_json': 'True', 'log_format': 'default', 'quiet': 'False', 'invocation_command': 'dbt ', 'static_parser': 'True', 'profiles_dir': 'd:\\Software\\databuildtool\\Joy_dbt_project', 'use_experimental_parser': 'False', 'use_colors': 'True', 'indirect_selection': 'eager'}
[0m11:45:20.305019 [debug] [MainThread]: Sending event: {'category': 'dbt', 'action': 'project_id', 'label': 'fb72b0b9-785e-4cad-9174-65f2e00ff859', 'context': [<snowplow_tracker.self_describing_json.SelfDescribingJson object at 0x0000022A22D7B4C0>]}
[0m11:45:20.329278 [info ] [MainThread]: Warning: No packages were found in packages.yml
[0m11:45:20.330279 [info ] [MainThread]: Warning: No packages were found in packages.yml
[0m11:45:20.332278 [debug] [MainThread]: Command `cli deps` succeeded at 11:45:20.332278 after 0.24 seconds
[0m11:45:20.332278 [debug] [MainThread]: Sending event: {'category': 'dbt', 'action': 'invocation', 'label': 'end', 'context': [<snowplow_tracker.self_describing_json.SelfDescribingJson object at 0x0000022A20B17DF0>, <snowplow_tracker.self_describing_json.SelfDescribingJson object at 0x0000022A22D7B0D0>, <snowplow_tracker.self_describing_json.SelfDescribingJson object at 0x0000022A22D7B490>]}
[0m11:45:20.333279 [debug] [MainThread]: Flushing usage events
[0m11:45:23.872338 [debug] [MainThread]: An error was encountered while trying to flush usage events
[0m23:39:58.422682 [debug] [MainThread]: Sending event: {'category': 'dbt', 'action': 'invocation', 'label': 'start', 'context': [<snowplow_tracker.self_describing_json.SelfDescribingJson object at 0x0000023E23697D90>, <snowplow_tracker.self_describing_json.SelfDescribingJson object at 0x0000023E25930310>, <snowplow_tracker.self_describing_json.SelfDescribingJson object at 0x0000023E259300A0>]}


============================== 23:39:58.427813 | 7a44fc6b-a652-4229-a993-81e3aed379b5 ==============================
[0m23:39:58.427813 [info ] [MainThread]: Running with dbt=1.10.22
[0m23:39:58.428701 [debug] [MainThread]: running dbt with arguments {'debug': 'False', 'fail_fast': 'False', 'log_cache_events': 'False', 'send_anonymous_usage_stats': 'True', 'warn_error_options': 'WarnErrorOptionsV2(error=[], warn=[], silence=[])', 'cache_selected_only': 'False', 'invocation_command': 'dbt ', 'no_print': 'None', 'version_check': 'True', 'empty': 'None', 'printer_width': '80', 'quiet': 'False', 'log_path': 'd:\\Software\\databuildtool\\Joy_dbt_project\\logs', 'introspect': 'True', 'warn_error': 'None', 'write_json': 'True', 'log_format': 'default', 'target_path': 'None', 'partial_parse': 'True', 'static_parser': 'True', 'profiles_dir': 'd:\\Software\\databuildtool\\Joy_dbt_project', 'use_experimental_parser': 'False', 'use_colors': 'True', 'indirect_selection': 'eager'}
[0m23:39:58.533564 [debug] [MainThread]: Sending event: {'category': 'dbt', 'action': 'project_id', 'label': '7a44fc6b-a652-4229-a993-81e3aed379b5', 'context': [<snowplow_tracker.self_describing_json.SelfDescribingJson object at 0x0000023E25778940>]}
[0m23:39:58.551237 [info ] [MainThread]: Warning: No packages were found in packages.yml
[0m23:39:58.552237 [info ] [MainThread]: Warning: No packages were found in packages.yml
[0m23:39:58.553237 [debug] [MainThread]: Command `cli deps` succeeded at 23:39:58.553237 after 0.23 seconds
[0m23:39:58.554517 [debug] [MainThread]: Sending event: {'category': 'dbt', 'action': 'invocation', 'label': 'end', 'context': [<snowplow_tracker.self_describing_json.SelfDescribingJson object at 0x0000023E23697D90>, <snowplow_tracker.self_describing_json.SelfDescribingJson object at 0x0000023E259FB5B0>, <snowplow_tracker.self_describing_json.SelfDescribingJson object at 0x0000023E25930B80>]}
[0m23:39:58.554517 [debug] [MainThread]: Flushing usage events
[0m23:40:00.188055 [debug] [MainThread]: An error was encountered while trying to flush usage events
